region_id,latitude,longitude
0,37.55423287198376,127.04549339640441
0,37.55474663728711,127.04838100695953
0,37.55373510403835,127.04615654920411
0,37.55363951029875,127.04676247595727
0,37.55498585239865,127.04594131425274
0,37.55483718494067,127.04488787936769
0,37.55465705616074,127.04543088706872
0,37.55510576779613,127.04629240157684
0,37.5542031010602,127.04630297380058
0,37.555213184096324,127.04629353197295
0,37.55493215909647,127.04601686922697
0,37.55433586541295,127.04593777515967
0,37.55537972927839,127.04714522858399
0,37.55490545996264,127.04837838586154
0,37.555734891005734,127.04639524135844
0,37.553960452459485,127.04790397474433
0,37.55568621988111,127.04661699315277
0,37.555363914292336,127.04495172337352
0,37.554575107090535,127.04699329476239
0,37.55485753006809,127.0466996588983
0,37.55439597351073,127.04707823933991
0,37.5550716932348,127.046751551538
0,37.554807764240046,127.04592989102771
0,37.554101373810795,127.04598369209964
0,37.554477207352754,127.04487795747772
0,37.55541137557787,127.04709919003554
0,37.55434766195458,127.04839769961237
0,37.5546762986496,127.04622647880439
0,37.553706546000434,127.046262733091
0,37.55506044160412,127.0460378792578
0,37.55404291757557,127.04703877613196
0,37.554569805331376,127.04605644230548
0,37.55371885809213,127.04615952603335
0,37.55571042645805,127.04645268561025
0,37.55399847811943,127.04811524124148
0,37.55507564030812,127.047884225283
0,37.55467193621437,127.04685100806383
0,37.554390240717375,127.04677004431629
0,37.55558252801238,127.04674071061707
0,37.55435791996453,127.04705229259984
0,37.554609544254305,127.04836457095708
0,37.555516783973744,127.04672359169753
0,37.554783517636,127.0469714121036
0,37.55457872236478,127.04625804502044
0,37.55565329002889,127.04695377510033
0,37.55356017270519,127.04804357350254
0,37.55472603163254,127.04419168025527
0,37.555504831791765,127.04695086649193
0,37.55424575548498,127.04702062234072
0,37.553869936522275,127.04759645464176
0,37.55417638790458,127.04710969249017
0,37.554495781242096,127.04427521464156
0,37.55469881728401,127.04814936794918
0,37.55512329261687,127.04463261732742
0,37.55578848054188,127.04671439677442
0,37.554608414682164,127.04655215112241
0,37.555206179211694,127.04580590378305
0,37.55446283090712,127.04814794431776
0,37.55353485518265,127.04776740386433
0,37.55407506947098,127.04438078061351
0,37.55475062220979,127.04527516938141
0,37.553610749608815,127.04712241471572
0,37.55560253168135,127.04572461969643
0,37.55526553264679,127.0453425916398
0,37.554341690397884,127.04465974763743
0,37.55467787641391,127.04671008550059
0,37.55496529416186,127.04594724772528
0,37.55480114231129,127.04749235364338
0,37.55402277467687,127.04575834269544
0,37.55586925129098,127.04553418803779
0,37.55532876196057,127.04593161823617
0,37.55474355981677,127.0462097591376
0,37.555414264514866,127.04701971279111
0,37.55599017933751,127.04596049289076
0,37.55513969072706,127.04798428051386
0,37.55411919876404,127.0455701577565
0,37.55464215797218,127.04678279788332
0,37.55576309943385,127.04695408086937
0,37.55543569421968,127.04801868492386
0,37.554699541178415,127.0453788660725
0,37.554271578424704,127.0456154948811
0,37.554230972693574,127.04693415100891
0,37.555276164642805,127.04807266214698
0,37.555415329918276,127.04577851313991
0,37.5550893438301,127.04627255686665
0,37.55523153248343,127.04696885555715
0,37.555738143391345,127.04667461046611
0,37.55431416053963,127.04404423345387
0,37.55420810748934,127.04441217606815
0,37.55463585903106,127.04628920731267
0,37.5542486793451,127.04635904905042
0,37.55446989129108,127.04605920310522
0,37.55383643271289,127.04409257487102
0,37.55501718126486,127.04513072892117
0,37.55427852674836,127.045008080458
0,37.55493849146622,127.04691712834259
0,37.55535559127638,127.04583108958153
0,37.555185320024556,127.04725011926037
0,37.55475263934048,127.0457880191875
0,37.55531275564728,127.04781125846486
0,37.55507462166437,127.0464118773462
0,37.55570884554796,127.04576193164908
0,37.5542897346867,127.0476094667967
0,37.55434418515596,127.04797570816802
0,37.55451248434505,127.04783121024244
0,37.55542056896887,127.04788891663343
0,37.555030800612265,127.04668766099309
0,37.553930617587845,127.04490348279569
0,37.55476640510475,127.04576470649731
0,37.55491733994055,127.04813232127572
0,37.55537744430287,127.04759266816647
0,37.55572886988487,127.0474772656724
0,37.55384598347514,127.04849016206762
0,37.554910194427876,127.04443604511894
0,37.55521140442137,127.04752050589887
0,37.553832112087896,127.04409568839465
0,37.553952607833445,127.04569238810068
0,37.553609810000225,127.04773387102294
0,37.55538422852799,127.04663144407508
0,37.55536243284572,127.04716849036936
0,37.5560604211834,127.04565519662965
0,37.55443384456561,127.04511270810495
0,37.555793236659824,127.0460033549997
0,37.554715825051964,127.04582447063213
0,37.5548681380531,127.04642628825235
0,37.55427136067251,127.0469357420273
0,37.55491539941704,127.04757563946852
0,37.554276252770215,127.04521815438844
0,37.55416107129904,127.04822550948381
0,37.55375537605893,127.04577657880871
0,37.55402665819761,127.04448785459063
0,37.55563984851305,127.04602838430414
0,37.554670970671026,127.04785011620952
0,37.55382864020091,127.04473547723153
0,37.55523397651604,127.04516483809107
0,37.554643873909136,127.0462507447256
0,37.55412162601718,127.0484426152268
0,37.555113508044954,127.04762183954368
0,37.554628948461996,127.04567411316928
0,37.55445821770644,127.04452496924115
0,37.55516263061643,127.04810161807603
0,37.55377559705591,127.04514645946095
0,37.554700953868505,127.04510741900272
0,37.55380303931686,127.04576158206348
0,37.55587897746951,127.04704184701671
0,37.55559557601615,127.04610606065522
0,37.554270195993396,127.04702334835119
0,37.554542594994,127.04783557683189
0,37.554749751467035,127.0471440895743
0,37.55405362139488,127.04722551024436
0,37.55386446616263,127.04631093728483
0,37.55436047386115,127.04704617211019
0,37.55396067393956,127.04584540654811
0,37.55492357031006,127.04556454542914
0,37.55485819352108,127.04496082719825
0,37.55356795146151,127.04810916265546
0,37.55353630114231,127.04769913406241
0,37.55438633801362,127.04639646234693
0,37.554614887949576,127.04462232078819
0,37.555523043618685,127.04794876438226
0,37.55367660621208,127.04755348373514
0,37.554137993881376,127.04648043837472
0,37.55492872824426,127.04552655735532
0,37.55512368312771,127.04754747562667
0,37.55550953620139,127.0456929355097
0,37.55384934135166,127.04544119538997
0,37.554524007887785,127.04463473989675
0,37.555317640216366,127.04545036735695
0,37.55374575858475,127.04669172618479
0,37.55548408457789,127.0464254125308
0,37.55379755361733,127.04561767231522
0,37.5550262655427,127.04805983592014
0,37.5541931679841,127.0481008105549
0,37.553656239980604,127.04797512782508
0,37.556141212057184,127.04570480539695
0,37.55487557163332,127.04572644237302
0,37.55504428705414,127.04667727855883
0,37.555303138392794,127.04813131404181
1,37.56399668784631,127.0380795678633
1,37.56487890022859,127.03836666392571
1,37.56254824507375,127.03650400546809
1,37.56359528219462,127.03923993411362
1,37.562384772481444,127.03828834328364
1,37.56414294352784,127.03847822909029
1,37.56452300733376,127.0383648766284
1,37.562085035087655,127.0377548344095
1,37.56313221707821,127.03621297648789
1,37.56240623598053,127.03670255400166
1,37.56458196013934,127.03713125817734
1,37.56225798886504,127.03681453095705
1,37.56392477759442,127.0392921738707
1,37.5643507296921,127.03720153241174
1,37.5631391021174,127.03597458680248
1,37.56287389433127,127.03856161241193
1,37.562717303576065,127.03687125020758
1,37.56293993024102,127.0372206669235
1,37.562288706058226,127.03713276309412
1,37.56318223092717,127.03818348458782
1,37.56433627172963,127.03735307642538
1,37.56509145600418,127.03809166602652
1,37.56340634230586,127.03908896546017
1,37.56227341065639,127.03625187447615
1,37.56210271847787,127.03748468022127
1,37.56253253236046,127.03625979024584
1,37.564163363534654,127.03729304799637
1,37.56307933544402,127.03627385804585
1,37.56254812323192,127.03858584223461
1,37.563271349773025,127.03911166356733
1,37.56367380223744,127.0380473364763
1,37.562329141163126,127.03637989100949
1,37.56209844298787,127.03771148098207
1,37.56240761131021,127.03628599557199
1,37.562269581237665,127.0359983832955
1,37.56320910970732,127.03947967418605
1,37.564775144440326,127.03844166100326
1,37.56364170038426,127.03761224406595
1,37.562251469816815,127.03594006271496
1,37.56512161609991,127.0380974740394
1,37.56290072856963,127.03924006969005
1,37.56258111764115,127.03734071612756
1,37.56287708754176,127.03637453214094
1,37.56323449488318,127.03881178893177
1,37.56222526578154,127.03691665904014
1,37.563044701897475,127.03845684297295
1,37.56275324502208,127.03566672129082
1,37.56311902434792,127.03602266333553
1,37.56348637119504,127.03898209648814
1,37.562533304202624,127.03697738897458
1,37.56403445230119,127.03693070582639
1,37.56227288660271,127.03702875352374
1,37.564711640762965,127.038619188811
1,37.56427235242419,127.03868967774535
1,37.56493268345781,127.03854037951153
1,37.563574128372466,127.03629127855729
1,37.562086171455945,127.03760003247493
1,37.5631217366509,127.03626430934565
1,37.562198906447904,127.03718793395399
1,37.56330358111072,127.03712972279615
1,37.56313966201782,127.03618882218194
1,37.56277672083227,127.03789096696345
1,37.563410675890175,127.03912547769183
1,37.56227468044919,127.03761267546456
1,37.56412747240051,127.03801705144497
1,37.562406529729536,127.0369553258261
1,37.56308837527914,127.03844266773397
1,37.56179386108941,127.03612854662246
1,37.563615590331885,127.03858542424888
1,37.562164835740624,127.03800591859257
1,37.56432235448851,127.03765467131863
1,37.564849979387,127.03839735045602
1,37.562948784432734,127.03758413779639
1,37.56183857879669,127.03713796707268
1,37.56397154349272,127.03856913560624
1,37.563204535919766,127.0365597397253
1,37.56423536628009,127.03865557528093
1,37.563849188749735,127.0393061882129
1,37.56315403291708,127.03584864508308
1,37.56155128724727,127.03626258202793
1,37.5637268657775,127.0381298371684
1,37.56391547049346,127.03651914615062
1,37.56317730143299,127.03730946967896
1,37.564269368216735,127.03833689518484
1,37.56284891264231,127.0359935677445
1,37.56435607304641,127.03720139490244
1,37.56439075782408,127.0378321410141
1,37.56389333672861,127.03826755196165
1,37.56395431484806,127.03621832646974
1,37.563942917428065,127.03694083429903
1,37.56293145459775,127.03868379130311
1,37.563087402398004,127.03640232598366
1,37.561562781155885,127.03675944696415
1,37.56326492827752,127.03717073065454
1,37.56400463917476,127.03729361633249
1,37.5629871682275,127.03789287954923
1,37.564492319683396,127.0386609945768
1,37.56251344734681,127.0363936084693
1,37.56366556808706,127.03920519486125
1,37.56405665537851,127.03870546776166
1,37.56342298308188,127.03596904158583
1,37.5636474582619,127.03940144016755
1,37.56382763845624,127.03916791227017
1,37.564344118175626,127.03783011367314
1,37.564215640676096,127.03795234478714
1,37.56361508323606,127.03638652520057
1,37.564172363142966,127.03921639732117
1,37.56481850774154,127.03749835152395
1,37.56175729793827,127.03631879342815
1,37.56398642709217,127.03765608681528
1,37.56245346845798,127.03774451308254
1,37.563047005654134,127.03944743844927
1,37.563307932644015,127.03888228476373
1,37.56365374404659,127.03846820649946
1,37.56329654724111,127.03703503798324
1,37.56345194753128,127.03895682141282
1,37.56383643174138,127.03617618223898
1,37.56339935510839,127.03825561128401
1,37.563429129518624,127.03639076871316
1,37.56201218516572,127.0369895816887
1,37.56181758416588,127.03709269558013
1,37.56446665304837,127.0381594351866
1,37.56429937854947,127.03729438926905
1,37.56252793267041,127.03662620631808
1,37.563803283279775,127.03657744915283
1,37.56207161682826,127.03594796643505
1,37.56200912865839,127.03669010616382
1,37.563088016065095,127.0374005282843
1,37.56445749535131,127.03846836795609
1,37.56352239478739,127.03674232869359
1,37.56269584775852,127.03827507758804
1,37.56323600805033,127.03959142692624
1,37.563480160021435,127.03892850001871
1,37.56411267986517,127.03855658005862
1,37.56400350322529,127.03670284764375
1,37.56301741742853,127.03874140206959
1,37.56314297055858,127.03706246240918
1,37.56246843953249,127.03760922544053
1,37.56374547112239,127.03956781727847
1,37.5639687461985,127.03843436110759
1,37.56145000970841,127.03676478095073
1,37.563059373901076,127.03777992454441
1,37.561761269201476,127.03659377364343
1,37.56307731320533,127.03692137520487
1,37.56409241552954,127.03694080969882
1,37.564656458729765,127.03841320609796
1,37.56480082479704,127.03759360546002
1,37.56441235142453,127.03867750358363
1,37.563338794921954,127.03568778400704
1,37.56413359156797,127.03867578359895
1,37.56205790911359,127.03760721766682
1,37.564139777390004,127.03788423440957
1,37.56313498691139,127.03628994472987
1,37.56271018691815,127.03785683145357
1,37.563805073687284,127.0367843889302
1,37.56283849552543,127.03695849566479
1,37.56296932888202,127.038330312663
1,37.562084425845256,127.03786159646593
1,37.562532924765364,127.03604470879533
1,37.56202895326528,127.03655872089668
1,37.56243745970479,127.03699610139269
1,37.56345518456356,127.03723406981884
1,37.56431809394564,127.03880574960961
1,37.563958171141515,127.03731566721987
1,37.56142006200036,127.03650355823208
1,37.562755469461436,127.03669654224844
1,37.5642879515125,127.0392687448496
1,37.56448653372895,127.03847678994403
1,37.56164794475112,127.03637243354476
1,37.562579896739884,127.03847036630201
1,37.5639016318464,127.0381765801931
1,37.56349771502167,127.0387605672566
1,37.564452313401844,127.03871962583999
1,37.56292311387019,127.0366551705621
1,37.56204259618278,127.03773666371957
1,37.56355332485644,127.03796792798269
1,37.562382508778185,127.03694740239526
1,37.56308489732143,127.03742547803526
1,37.56336279823516,127.03913820314102
1,37.56241196453926,127.038370802033
1,37.56444606898173,127.03734953009688
1,37.56245140720487,127.03709845906062
1,37.56270908160516,127.03640579419593
1,37.56253204068539,127.03844930701615
1,37.56425498127254,127.0393034019617
1,37.562109407314516,127.03583183266187
1,37.56296156026843,127.03617304068749
1,37.56209766547225,127.03766698597242
1,37.56290299319465,127.03546186677139
1,37.562602071021075,127.03630762882554
1,37.56298104737127,127.0378328379075
1,37.56350824477903,127.03919314544369
1,37.5640639285013,127.03713467515536
1,37.56300495683506,127.03628861636484
1,37.562176702283374,127.0376165171462
1,37.56336539510495,127.03691775417838
1,37.563487685338224,127.03710675388778
1,37.56322117858152,127.03824279414312
1,37.56295115829876,127.03929363078947
1,37.56451143729289,127.0377263853086
2,37.56066238823562,127.0410198188455
2,37.56141511730594,127.04121243218754
2,37.561138861813866,127.04085096368352
2,37.56145547714472,127.04104589865486
2,37.56080381043139,127.04055383905094
2,37.56116285941171,127.04178570162856
2,37.56086898197224,127.04132254044461
2,37.56153691664332,127.04136019499187
2,37.561846497565014,127.04155283270254
2,37.560473806515745,127.0406677303495
2,37.56043529173689,127.04111951664608
2,37.561311125716124,127.04065902653537
2,37.56166539800315,127.04118437732883
2,37.561727274347,127.04155368573315
2,37.56100183087396,127.04144751211946
2,37.56092751978031,127.04089249873802
2,37.56053654523965,127.04094002729863
2,37.5616490569279,127.04088816307578
2,37.56109642903416,127.04081742492819
2,37.56104332437147,127.04116035952588
2,37.560621545336446,127.04133653732866
2,37.56060342890697,127.04099616757478
2,37.56067336997074,127.04061319676565
2,37.56103223255442,127.04098232564687
2,37.56156121751832,127.04106793286628
2,37.56061709687115,127.04099976018884
2,37.56088717048926,127.04090138510985
2,37.56082872874445,127.04126794979373
2,37.56040914034623,127.0407734780669
2,37.5610157213221,127.04124415160828
2,37.561760982729176,127.04178290337461
2,37.56094254616838,127.0407111299092
2,37.560836675014386,127.0406611745021
3,34.96387030234364,127.71899037776392
3,34.96415107345056,127.71899800887637
3,34.96408867320213,127.71898430464286
3,34.96417360115398,127.71838838589699
3,34.96420833778455,127.71816719672394
3,34.96454236752309,127.71865197119102
3,34.96386494308232,127.71800087645515
3,34.963942932818746,127.71872325901019
3,34.96443756868786,127.7181902960869
3,34.96397198417589,127.71855653205742
3,34.96398912034026,127.71837995959008
3,34.96448059173529,127.71851216125073
3,34.96432573037408,127.71843992564658
3,34.964344611390125,127.71809100186482
3,34.96401203399052,127.71804085902852
3,34.96400992637761,127.71841150230034
3,34.96411905301036,127.71910840671391
3,34.96391514060301,127.71868543864643
4,11.958314376751598,121.92603447825343
4,11.957887990147425,121.9262265707946
4,11.958976203043589,121.92607892662609
4,11.957386129070173,121.92657115225352
4,11.95801664499482,121.92630675072363
4,11.958987805205807,121.92596496550709
4,11.959065391966975,121.92610253929081
4,11.958643729588069,121.92600815194695
4,11.957775702111237,121.92647869397804
4,11.958710808920156,121.92623185206438
4,11.958038456217485,121.92609137760722
4,11.95809391452849,121.92660204035913
4,11.958311049883164,121.92597830649196
4,11.958370942596721,121.92606562227513
4,11.958650584694505,121.92635687091756
4,11.958105019553258,121.92700802303567
4,11.95815145056029,121.926900726787
4,11.958182992961927,121.92697449072703
4,11.958257240212102,121.92617602742459
4,11.958732689632509,121.92598392233818
4,11.95810166817653,121.92639135833704
4,11.957759550117268,121.92615892913966
4,11.957691668845033,121.92687941746958
4,11.957424575048497,121.92657716187337
4,11.958875884042024,121.92624758684566
4,11.95810240005691,121.92648473043037
4,11.957499757023418,121.9270326292546
5,11.958764656503433,121.92959444905632
5,11.95920234611467,121.92926300799165
5,11.959545279278181,121.92976660664495
5,11.95916140945377,121.92948165967687
5,11.958881502810463,121.92926276994082
5,11.959300518843042,121.92990013496951
5,11.95947217164825,121.92944244588138
5,11.958906118206123,121.92970039693878
5,11.95890469443139,121.9293237643911
5,11.95877528628361,121.9296464180989
5,11.959190529886378,121.92934864263569
5,11.95868196247761,121.92977912133301
5,11.95889458110329,121.92930427487404
6,11.96356419863522,121.92650656680001
6,11.96342448817039,121.9266016293808
6,11.964180997751209,121.92578847608416
6,11.964473395762422,121.92501262468834
6,11.964342293289654,121.92541686827826
6,11.963489557363069,121.9265622788854
6,11.96465495557035,121.92517330278363
6,11.963230323475226,121.92590633321694
6,11.962651148146785,121.92683812885149
6,11.964520061164524,121.92506153687988
6,11.96255324936021,121.9265941817003
6,11.96392807000483,121.92564033647199
6,11.963222505039582,121.92636577231526
6,11.964439042892469,121.92550066202257
6,11.96287663969479,121.92689546069681
6,11.963786732233894,121.92604755476619
6,11.965004507590939,121.9250681007804
6,11.9645949060159,121.92494597699557
6,11.964820888084384,121.92488356243373
6,11.964594460741328,121.92549996279452
6,11.962666477918022,121.92632434148577
6,11.964072049150152,121.92531728192348
6,11.962802836598152,121.92668446549915
6,11.964346463807674,121.92516217602358
6,11.963650973685715,121.9255890027115
6,11.963363660762475,121.92617582143653
6,11.963104275805756,121.92637045058328
6,11.96474012417855,121.92485648472156
6,11.964683337141416,121.92521736851639
6,11.963683705097512,121.92613343603033
6,11.963934014936164,121.92542197738678
6,11.963365756638483,121.9259027385892
6,11.963571998929616,121.92643890102606
6,11.964448716840067,121.9249629774401
6,11.963662946382325,121.92595905699972
7,37.55819434449199,127.04535976682881
7,37.558537518022646,127.04578990006151
7,37.55844428442648,127.04561576900664
7,37.55794800241079,127.04534844670874
7,37.55790979379624,127.04621859660358
7,37.55827921985807,127.04552646473701
7,37.55832784279775,127.04608513805358
7,37.55815437155666,127.045264977837
7,37.55852343427957,127.04579449730043
7,37.55806541403059,127.04570707701296
7,37.55796941302334,127.04554057095075
7,37.55767216636194,127.04576110240615
7,37.55842740087915,127.04548179850042
7,37.55822231203245,127.04608129873348
7,37.55808871455423,127.04608900532448
7,37.558426582376434,127.0459579413032
7,37.557597672334346,127.0453554184014
7,37.557724201428535,127.04590738206508
7,37.55817952828887,127.04535489078432
7,37.55787782360662,127.04619877735007
8,37.55839593258476,127.04287153291729
8,37.55833844913811,127.04118410236043
8,37.55704981308875,127.04241766514862
8,37.5576386884336,127.04214176362828
8,37.557321405203076,127.04205303492131
8,37.557487876594095,127.04179366478537
8,37.55918350290186,127.04256662321237
8,37.5577775262877,127.04205849286375
8,37.55766879814734,127.04314957590766
8,37.55877566333502,127.04053642278133
8,37.559012409053224,127.0410762123885
8,37.55919241085234,127.04181920866877
8,37.558113893508065,127.0417950752438
8,37.558916323314904,127.04091216136666
8,37.55727028928818,127.04289045179223
8,37.55775794132743,127.04232101745255
8,37.55798767974506,127.04254912719777
8,37.55791732255373,127.04288372359007
8,37.55830616323953,127.04114046492167
8,37.558404800020995,127.04174718528084
8,37.5594174307562,127.04183002825553
8,37.558635602166646,127.0412342943622
8,37.558875219005934,127.04143799877907
8,37.55858524020434,127.04239617640765
8,37.558963208807846,127.04129786683896
8,37.5582800125406,127.04106134371423
8,37.55867058280035,127.04159404137414
8,37.55943464582701,127.04197343532046
8,37.55870635134959,127.04073227461075
8,37.557082239291915,127.04249359195967
8,37.55856878018641,127.04097485225827
8,37.55860607948665,127.04076909862043
8,37.55829222218466,127.04129877806007
8,37.55752965931954,127.04228131117316
8,37.557391890745315,127.04311104475129
8,37.5584858199684,127.04039774993917
8,37.558463946327116,127.04148646871329
8,37.557617218613906,127.04169501165477
8,37.55850538622162,127.04135762491691
8,37.55770017033082,127.04204956031172
8,37.55827017858144,127.04253139508269
8,37.55904420005098,127.04083395457586
8,37.558499275421276,127.04138011767765
8,37.55904824343693,127.04098894585997
8,37.55918689638363,127.04135540455819
8,37.55822834408055,127.04066253400066
8,37.559075872010986,127.04241499643187
8,37.557632306161125,127.0420631953208
8,37.557919933171945,127.04221165917029
8,37.55804571949691,127.04188131341567
8,37.55840800693916,127.04291519962653
8,37.5577073817623,127.04308031155416
8,37.55885467898646,127.04050685649251
8,37.55866241886912,127.04128945324372
8,37.55799323108409,127.0417990953052
8,37.55777510871906,127.04221692886804
8,37.557117091861386,127.04316582772587
8,37.55722497592719,127.0423487787503
8,37.55836785795553,127.0420822698476
8,37.559020187037994,127.04215711014893
8,37.55793927366617,127.04139001062823
8,37.55832945342541,127.04052383862307
8,37.55816462845799,127.04074422656257
8,37.55853495025413,127.04085574909335
8,37.558564236170724,127.04202098814471
8,37.5577893240767,127.04132262312974
8,37.55822401274431,127.04212400671864
8,37.558158710584905,127.04259007520834
8,37.559432839967336,127.04269681669709
8,37.559279797912716,127.04179778090054
8,37.55816860093419,127.04249889847162
8,37.558030288694255,127.04268215681564
8,37.55822318715152,127.04081426598394
8,37.55813976893459,127.04297400696235
8,37.558546032440645,127.04259027683182
8,37.55833455252608,127.04176352536288
8,37.55854431647616,127.04128697106565
8,37.557746110747686,127.0417031055888
8,37.55832687792085,127.04114996781472
8,37.55793326819881,127.0424988604727
8,37.55794169515229,127.04227556716845
8,37.55874959084903,127.04226482365038
8,37.558958981089845,127.041336804445
8,37.557796965826476,127.0418221297275
8,37.55900428572781,127.04172550219344
8,37.558621610068855,127.04246865129312
8,37.55833612223194,127.04292841644
8,37.558336271777314,127.0422929973427
8,37.558786253134336,127.04178319236156
8,37.55807785816652,127.04254455930061
8,37.55799024372743,127.0427308277123
8,37.55897593991961,127.04255410369905
8,37.558502705945834,127.04040585662129
8,37.55712077265417,127.04290816281133
8,37.55867630684294,127.04155652671592
8,37.55761639768281,127.04291109489368
8,37.55870809320351,127.04164239230502
8,37.55900756724445,127.04196095981024
9,37.50795682166191,127.0074055821011
9,37.50691028541958,127.00593977408471
9,37.50731865553405,127.00704825624607
9,37.50721988647218,127.0061180233849
9,37.507402706655,127.00668481465596
9,37.508430336663785,127.00733536845078
9,37.50772576851798,127.00730276160255
9,37.507149736711504,127.00619260709638
9,37.50798942327138,127.00666882928459
9,37.507291457374244,127.00670136229691
9,37.50788564468719,127.00657493309022
9,37.50733394823311,127.00639032892623
9,37.50849182782964,127.00767532307823
9,37.50706317491766,127.00680251668626
9,37.50795899271081,127.00677800897476
9,37.50830690005533,127.00795800991013
9,37.50743537985539,127.00692056066515
9,37.50675774349327,127.00599984581831
9,37.506795982692665,127.00627420169081
9,37.507185122103905,127.00717242972134
9,37.50777246320907,127.00695611129579
9,37.50755390558089,127.0062103142195
9,37.506799777486584,127.0064049327418
9,37.50747540011814,127.0071341789962
9,37.507054564035826,127.00654746124813
9,37.5084258810395,127.0072333223223
9,37.507749497334004,127.00710089504149
9,37.5070344623068,127.00642963868161
9,37.507748123706754,127.00672508455457
9,37.506876395282355,127.00651661083435
9,37.50831986539215,127.00728759196059
9,37.50783968945972,127.00769789001603
9,37.507821865316785,127.0064129675145
9,37.50747346275311,127.00683497749836
9,37.50834311783473,127.00739669163026
9,37.50740878063851,127.0075144036472
9,37.50744131803315,127.00647631842716
9,37.50790801071147,127.00668519608533
9,37.50808075551446,127.007174158048
9,37.508154397501514,127.00741274585744
9,37.507646548219505,127.00704826471583
9,37.50813271103413,127.00721062101469
9,37.50696100828382,127.00661917195109
9,37.50776995552929,127.00747152771393
9,37.508373929361994,127.00727651223946
10,37.31886064450947,127.10893837524095
10,37.319587319001194,127.10797468829588
10,37.319117346186786,127.10787141005093
10,37.31976262443821,127.10865229892852
10,37.319225209137905,127.10799712597506
10,37.31980938878659,127.10798555219066
10,37.31952270197437,127.10864188943252
10,37.318951950413094,127.10781826538671
10,37.31963778146,127.10797802174004
10,37.31884749396113,127.10815877115938
10,37.31985155230914,127.10867780119546
10,37.31930906035258,127.10788964414014
10,37.319552323030535,127.10872147677236
10,37.3193799270895,127.10888665933855
10,37.31978320596659,127.1084722132178
10,37.31926769246823,127.1078298192074
10,37.318847495223515,127.10830318231635
10,37.31970477569741,127.10849205365498
10,37.31935763079336,127.10813926507252
10,37.31901391271588,127.1081609183336
10,37.31964774655923,127.1080370612415
10,37.319359420531576,127.10793850468848
10,37.31967665008453,127.10891291774868
10,37.31919848455598,127.10916582959706
10,37.31943430482143,127.10763411118015
10,37.31960258684565,127.108161031858
10,37.318981271047484,127.10897972364506
10,37.31942843456609,127.10788804581591
10,37.31923689770872,127.10787720611484
10,37.31893389063755,127.1080231765091
10,37.31989256447886,127.10831803317268
10,37.319232710958936,127.1084363354114
10,37.31944119868738,127.10863320411153
11,37.53875152169414,127.04483468129828
11,37.538947757244735,127.04581765916492
11,37.53932138966508,127.04539653326434
11,37.53884837283288,127.04434791465738
11,37.539402209278826,127.04485490851211
11,37.539217364407534,127.04452379809013
11,37.53876389683941,127.04535168673941
11,37.539523607041964,127.04514965987616
11,37.538536822009135,127.04510031966772
11,37.53922438122705,127.04460049732121
11,37.538874393714224,127.04518945151777
11,37.53890734935122,127.04452264041723
11,37.53961634160481,127.04537634057058
11,37.53933741763817,127.04473878168706
11,37.539217854966566,127.045625015238
11,37.539072744337666,127.04473312813491
11,37.5394086293871,127.04476681270211
11,37.53948239686523,127.04508899539267
11,37.53892640278605,127.04561021333548
11,37.53926777000073,127.04440578819758
11,37.53890721333834,127.04549602566564
11,37.538390016597496,127.04489784837175
11,37.539413296489165,127.04445770949198
11,37.53877652267495,127.04436441844608
11,37.53900242165793,127.04569150598392
11,37.538392151608925,127.04505651747272
11,37.538834634189094,127.04525976611691
11,37.53937058935892,127.0452688259141
11,37.53856143424818,127.04511093653795
11,37.53882254415293,127.04451882581832
11,37.53899070794383,127.04529308900597
11,37.53946112339391,127.04544120593295
11,37.53867399593711,127.04547769673115
12,34.966740613923655,127.72095994590912
12,34.96692994221438,127.72132603238964
12,34.96771543014262,127.72084163588019
12,34.96686909706636,127.72138743636572
12,34.96790480223554,127.72086352732599
12,34.96683108833653,127.7209748991249
12,34.96736375749844,127.7206874803431
12,34.96760148878992,127.72051866076103
12,34.96720974056206,127.72029259828196
12,34.967831777089884,127.72066540181413
12,34.967817530310406,127.72133377277973
12,34.96723498987986,127.72075706119372
12,34.96699652135412,127.7202842601379
12,34.967894747008934,127.72060728233284
12,34.96768626649701,127.72147039270894
12,34.96770187691789,127.72075188957255
12,34.96689877789575,127.72122648956561
12,34.9667893074437,127.72063766342798
12,34.96800553654516,127.72086166015724
12,34.967210299266334,127.72118344155571
12,34.967435817528326,127.72039663827454
12,34.967180177723556,127.72139903045161
12,34.967857196949105,127.72087542080351
12,34.96781248082466,127.72128152752542
12,34.96742192019253,127.72022770902454
12,34.96708776111248,127.72063159475331
12,34.96781027561669,127.72133049063821
12,34.96715401515382,127.72038474061266
12,34.96751386902587,127.72167352008073
12,34.96734309855743,127.72026608151813
12,34.967324112575,127.72168499833977
13,34.937799955647534,127.69881282779868
13,34.937165147997725,127.69770540942245
13,34.93794520964652,127.69785869498418
13,34.93741818208965,127.69827874454066
13,34.93799366811558,127.69798053443598
13,34.937714516351775,127.6988336140918
13,34.937456708290355,127.69784991021614
13,34.93744650356701,127.69796116698484
13,34.937428300662866,127.69772791292
13,34.93740879274027,127.69755814728022
13,34.937459076456065,127.69786279715773
13,34.93756322125879,127.69888435351663
13,34.93766571236729,127.69748674841388
13,34.93727615465278,127.69763835350163
13,34.938067520554846,127.69820242990686
13,34.93754036733387,127.69762511863918
13,34.93753591331185,127.69743869920163
13,34.93757346115193,127.69885307535672
13,34.93743236730605,127.69791933992495
13,34.93780834676523,127.6975154124175
13,34.9380895251575,127.69849790736028
13,34.937567585004196,127.69876783485732
13,34.93799231011769,127.69778481333601
13,34.93790553776035,127.69734970878073
13,34.938113177646386,127.69845721513848
13,34.9379247498057,127.697548165948
13,34.93779317911989,127.69883477117148
13,34.937273516626306,127.69823149140478
13,34.93785037681452,127.69773175160411
13,34.93719903678893,127.69832426482523
13,34.93761577120662,127.69868471978434
14,34.98065700232737,127.71477108332641
14,34.98027526546919,127.71469228055484
14,34.98049839398179,127.71514967171007
14,34.98092061861918,127.71500932729874
14,34.9807404489243,127.71450727781072
14,34.980186239481704,127.71476492763499
14,34.98032832916668,127.71471609112365
14,34.980724917106876,127.7147228169764
14,34.98070950411477,127.71500236992333
14,34.9801268017549,127.71474247891064
14,34.98068820699842,127.71408119526015
14,34.9808735765258,127.71416520959201
14,34.980907442563826,127.71490039669767
14,34.98086799283575,127.71459445129277
14,34.9805210434205,127.71412686244109
14,34.98052944842519,127.71389479156754
14,34.98011571300118,127.71426290566811
14,34.97998427039608,127.71459521958967
14,34.98043057860659,127.7147177534231
14,34.98073947643519,127.71450683803435
14,34.980090096242655,127.71408926601208
14,34.98055865722985,127.71372502379883
14,34.980740580255876,127.71434871754025
14,34.98041014545185,127.71406730667346
14,34.981033834778884,127.71476000954875
14,34.980712749355625,127.71493309059261
14,34.980915155515724,127.713912992254
14,34.98093903450598,127.71388521223777
14,34.98019742915436,127.71381296759242
14,34.98101855777289,127.71486975076098
14,34.98027656235048,127.71490275175663
15,37.12978771658026,126.9246723091252
15,37.12965956358465,126.92452641825213
15,37.130108003185704,126.92414980137056
15,37.12946319861749,126.9251205490793
15,37.130604388550516,126.92470838185665
15,37.12945300878187,126.9242801751793
15,37.130430233437394,126.92470614163794
15,37.13033689407705,126.92424541109673
15,37.130349356502364,126.92475921563495
15,37.12951795185254,126.92518129767699
15,37.12948456043667,126.92470437269945
15,37.12938459296302,126.92431811938494
15,37.12964089805984,126.92485556898465
15,37.13032935101708,126.92480774127925
15,37.12944102208883,126.92508524036171
15,37.13044802440058,126.92466959790617
15,37.129514884101766,126.9251296126782
15,37.129738332705486,126.92493196611021
15,37.129872159936056,126.92440725060419
15,37.13014933735,126.92499538217729
15,37.13001587237233,126.92463037755368
15,37.13024513158143,126.92505444984069
15,37.12997859427395,126.92416242956031
15,37.130435788710145,126.9250926385859
15,37.13037944779667,126.92473207748655
15,37.13020569472589,126.92435050218212
15,37.13019129464613,126.92409506125166
15,37.13044653644168,126.92433199167068
15,37.12965936327018,126.92405863078659
15,37.13055859733142,126.92453416671377
15,37.12999504192663,126.92407246111176
15,37.12937916515016,126.92478729975431
15,37.13035156368099,126.92453715433092
16,14.520461365653286,121.01455182439264
16,14.520658607972887,121.01424676617123
16,14.520552372501237,121.01365854691224
16,14.520298194229508,121.01353450340737
16,14.520107122906301,121.01334689850901
16,14.520747331634835,121.01419881414415
16,14.52035626295724,121.01351993814585
16,14.520249115308541,121.01331542459968
16,14.520276981256586,121.01330866447539
16,14.520307960405983,121.01371141164158
16,14.520208026335434,121.0141959252354
16,14.520378674576419,121.01438521358381
16,14.520514167146803,121.01452346205707
16,14.520040583065915,121.01421368159689
16,14.520108867560028,121.01346825887406
16,14.520864921800435,121.01398885703198
16,14.520641466319448,121.01361336377171
16,14.519909644139801,121.01366015052244
16,14.520185835203526,121.01346898523893
16,14.520291232178277,121.01456647661968
16,14.51974311087048,121.01428320784143
16,14.520119476974322,121.01458377018376
17,14.508878880556589,121.01304690158727
17,14.509672793198435,121.01284945307067
17,14.50981188757228,121.01269186342246
17,14.50902880479929,121.0125878272178
17,14.509694909575819,121.01289052264728
17,14.509724903589813,121.01351402713073
17,14.508932328694263,121.01291237851231
17,14.50894034540066,121.01290943447232
17,14.509475345143755,121.01261062757557
17,14.509960470794939,121.01304976590943
17,14.50936331617035,121.01356701842418
17,14.509023896030012,121.01261782115502
17,14.50889395085906,121.01277157964084
17,14.509295844790786,121.01234707958865
17,14.509028808467907,121.01329510540613
17,14.509618836922813,121.01236751682167
17,14.510050837149178,121.01318301161864
17,14.509831649221368,121.01300546449164
17,14.50942551592252,121.01284020445044
17,14.509108899278623,121.01288646466165
17,14.509913331811243,121.01335100778114
17,14.509886176691058,121.01242715488584
18,14.376159697699451,121.05653570751458
18,14.376291103764924,121.05611803114542
18,14.376432960528557,121.05596493792363
18,14.376272652307424,121.05569051546487
18,14.377049866204553,121.05586966570847
18,14.376031169760909,121.05574753791277
18,14.376612717712453,121.05661799698963
18,14.376435311807313,121.05550019350237
18,14.376058482469245,121.05594659072392
18,14.376442429591444,121.05530958883134
18,14.376519415896423,121.05617416937486
18,14.376938183097513,121.0560319847144
18,14.37619555448853,121.05552428607618
18,14.376753806243615,121.05568072657705
18,14.376221819786839,121.05613910370367
18,14.37607636961021,121.05548012151064
18,14.376271917062118,121.05557576295752
18,14.375965533095492,121.05594758411134
18,14.376692111458691,121.05595637980926
18,14.376408050909934,121.05615436012106
18,14.376540560086696,121.05633129352321
18,14.376156966935925,121.05652042336158
19,11.927518719845175,121.96315081120127
19,11.926965973708686,121.96342808105543
19,11.927525712359328,121.96327421192122
19,11.926706448038919,121.96285233078851
19,11.926728346892626,121.96345090319278
19,11.927300840013904,121.96285940555055
19,11.927150973447715,121.96338085607566
19,11.926775198016934,121.96312265392137
19,11.92727639767418,121.96298216712101
19,11.926646549483173,121.9627372940336
19,11.926942472289243,121.9636505632627
19,11.927042542350113,121.96259419464558
19,11.927420396172534,121.96365336508448
19,11.927533811723377,121.96296649287041
19,11.926630087065007,121.9626233695234
19,11.926377341870845,121.96300139346597
19,11.927275998556008,121.96288024020868
19,11.927422286142606,121.96321733581338
19,11.92668923998504,121.96359011239461
19,11.926618555825508,121.96369159471428
19,11.927003939777194,121.96316163044678
19,11.926726555926868,121.96349079032322
20,11.942974929970752,121.93847023024944
20,11.942913045412467,121.9384427032081
20,11.943227023625687,121.93833556743417
20,11.943689175568993,121.93823047916048
20,11.943362666596059,121.93807975632787
20,11.943451040818278,121.93757879358421
20,11.943277725248814,121.93755125060622
20,11.943048424376602,121.93838413362731
20,11.942746557702824,121.93809569945947
20,11.94326939384499,121.93747439178621
20,11.943136752270814,121.93765650817909
20,11.943038088496717,121.93846982928233
20,11.94330293970751,121.93801080718559
20,11.943596099897128,121.93754709060667
20,11.942714096673882,121.93805690907756
20,11.943588504909147,121.93778586918958
20,11.943338132374196,121.9386948574319
20,11.943702491526132,121.93807040515188
20,11.943350580760006,121.93874774575082
20,11.94332827751646,121.9378326453672
20,11.943813571816598,121.93825134883068
20,11.943095826031657,121.93781587949938
21,11.953841540573492,121.93244885060126
21,11.95332018120993,121.93285421641122
21,11.9540933742075,121.93276095388639
21,11.954049386318829,121.93261723293674
21,11.954084319288834,121.93265732471252
21,11.954104042591862,121.93298244050693
21,11.953496630700817,121.93231474033726
21,11.9537056187471,121.93319235191572
21,11.953309968293286,121.93273996961383
21,11.954053434154206,121.93210243058842
21,11.953987447875752,121.93220428604643
21,11.953932300677009,121.93279721909893
21,11.953479469851356,121.93207365811251
21,11.953928013536547,121.9325960448511
21,11.954015602520412,121.93217858947602
21,11.95414674381979,121.93242781472303
21,11.953867393519038,121.93214049433548
21,11.953959831709168,121.93233671240392
21,11.95385832293183,121.93287008272652
21,11.953595495978421,121.93263167911246
21,11.953284012917749,121.93251299633727
21,11.95366676845959,121.93247284900337
22,11.948327570420355,121.93192367598974
22,11.948371849726565,121.93232684482655
22,11.947492501316832,121.93232627773861
22,11.947732561439329,121.93219851066236
22,11.94867419673618,121.93242549226197
22,11.947991238199284,121.93207607538903
22,11.9485858542515,121.93209039788441
22,11.947906532948227,121.93198317714929
22,11.948248339696741,121.93161604581151
22,11.947880151226839,121.9321344549446
22,11.94832185608732,121.93245316200026
22,11.947530019544494,121.93214907561298
22,11.947877589235217,121.9319175728913
22,11.948504658618635,121.9327026046367
22,11.948024493434442,121.93275747901637
22,11.947705099272863,121.93226698041912
22,11.948442763929377,121.93159507417992
22,11.947917477987886,121.93160682979075
22,11.94836020832627,121.93269669270967
22,11.947562773538719,121.93197919828314
22,11.94783345735877,121.93196922757726
22,11.947573475084742,121.93188539131539
23,11.955499857631212,121.92865859753194
23,11.95493680930165,121.92918715472909
23,11.954807560370943,121.92857399773214
23,11.955552924271837,121.92858527540648
23,11.954787380521298,121.92853029847464
23,11.955257164939054,121.92915184166891
23,11.955851765402148,121.92843357502618
23,11.955071341575573,121.92849653423154
23,11.955548541510517,121.92864575575865
23,11.954876642814728,121.92881621224515
23,11.955847404558812,121.92852876083761
23,11.955420338435504,121.92916871866812
23,11.955090039886425,121.92904949499983
23,11.95522292513208,121.9288863965542
23,11.954905198041157,121.92891710857886
23,11.955791144576017,121.92839134210917
23,11.954953378983394,121.9282712707236
23,11.955062131944157,121.92898909675199
23,11.95531994544782,121.92912647312902
23,11.955184701429317,121.92820909037168
23,11.955423443309655,121.92918213344888
23,11.955086359092116,121.92899324714779
24,11.960327130308608,121.92496314782753
24,11.960433630412686,121.92460454959146
24,11.960884967045034,121.92450331200368
24,11.961165249238801,121.9249197080799
24,11.960956375553138,121.92526439154473
24,11.960211338726968,121.92493887928568
24,11.960256126846001,121.92458732085153
24,11.960492122595165,121.92548656036439
24,11.960719825509907,121.92561271001179
24,11.960456406238851,121.92491716790798
24,11.960725052838477,121.9244465219384
24,11.960366224255965,121.92514403037258
24,11.960283141974381,121.92527354472898
24,11.961155388370303,121.92476004203071
24,11.960692786344929,121.92549213711574
24,11.960982032963384,121.92483961807024
24,11.960275829509072,121.92478036440238
24,11.960772385343788,121.92539832824703
24,11.960776640011945,121.92440651585143
24,11.959999909419501,121.92498896279915
24,11.961017992443802,121.92496421477323
24,11.960576174862481,121.92451801068474
25,37.5487301044576,127.04028970138819
25,37.54923924208779,127.04052533671792
25,37.54904784622652,127.0406733084378
25,37.54938389417729,127.04125374645153
25,37.54960995417818,127.04090021173276
25,37.54909269336432,127.04045390402062
25,37.54841679009304,127.04072816837687
25,37.548575778965265,127.04120954063403
25,37.54867730681273,127.04039527570849
25,37.548835069731716,127.04128662957827
25,37.54906340789146,127.04177008330431
25,37.54835848172685,127.04111395074007
25,37.549093716759515,127.04118840578818
25,37.549024291237096,127.04134579529637
25,37.54879859520786,127.04111912552004
25,37.548458669614966,127.04139639921263
25,37.549329939986144,127.0405247960728
25,37.5485623829871,127.04119962214847
25,37.54909752666593,127.04158615925887
25,37.54860096754942,127.04040012602148
25,37.54876423643791,127.04123820739954
25,37.54890893366733,127.0403932059467
25,37.54875079208572,127.04118628743115
25,37.54859478675318,127.04162308782384
25,37.54886669904068,127.04125658778209
25,37.548728620647054,127.04035781157657
25,37.54878873924391,127.0404183056446
25,37.549400184406345,127.04135386351996
25,37.549456909846725,127.0413908641867
25,37.54899985501757,127.0418091487745
25,37.54877757634398,127.04048834888617
25,37.54892973017638,127.04058192481787
25,37.549475245936016,127.04076667299526
26,34.994037334195845,127.6662990642509
26,34.99417878053413,127.66620359608416
26,34.99380404502005,127.66659158454364
26,34.993748538967026,127.66679966538445
26,34.9936135701264,127.66664390767387
26,34.99327664774981,127.66717623055159
26,34.99393203051137,127.66646891747637
26,34.993569596743725,127.66704840708701
26,34.993440111871664,127.66643929818264
26,34.993651211623124,127.66675428534951
26,34.993629343545486,127.66564753367915
26,34.994016452488935,127.6667881387179
26,34.993765397805,127.66682176462501
26,34.993825991519905,127.66623343100188
26,34.99341314689934,127.66637077549184
26,34.993314022877364,127.66681141967351
26,34.99399567543887,127.66667469396596
26,34.993366648024626,127.66618192597429
26,34.99393905799263,127.66677267812399
26,34.99337551450795,127.66626860937463
26,34.993419862726924,127.66608010096996
26,34.99390485754249,127.66632720304425
26,34.99340036743767,127.66689385200765
26,34.99392148566044,127.66610954866759
26,34.99416619955606,127.66664048243966
26,34.993134776112704,127.6666147602063
26,34.99386287145271,127.6659348293435
26,34.993194732624616,127.66578538220035
26,34.993751833344824,127.66657209843034
26,34.993959430253476,127.66679568982006
26,34.99320021459609,127.66590974032846
27,37.47400303252736,127.0615449342963
27,37.474037405445465,127.06187542651551
27,37.473289820318115,127.0610463897115
27,37.47337176774987,127.06111227767788
27,37.47395148028636,127.06135548436077
27,37.474166761120784,127.06140409074754
27,37.474346820372666,127.0609772184329
27,37.47394883174445,127.06047783729402
27,37.473447721334324,127.06085361487033
27,37.473822044771325,127.06073241863359
27,37.4732495653935,127.06160989419344
27,37.47431335918587,127.06149976982105
27,37.473982826337185,127.06098456878364
27,37.4736585184835,127.06086673306399
27,37.47365661728358,127.06139595980831
27,37.47410785462149,127.06043857472616
27,37.473377039950016,127.0609805568987
27,37.473648696993855,127.06163601116165
27,37.47357986644381,127.06184135911283
27,37.47430522396569,127.06075137610212
27,37.47336873543486,127.06079055388741
27,37.473751080123826,127.06051171500151
27,37.474334394913086,127.06157475685471
27,37.473962498815126,127.06172608501043
27,37.473477221471214,127.06108721878634
27,37.47419512525732,127.06146109905804
27,37.47357946328759,127.06110987087796
27,37.473701003363416,127.06177240563395
27,37.473531068822425,127.06038536233982
27,37.47368444581902,127.06122996340409
27,37.47386522887152,127.06071929950119
27,37.4732956663613,127.0616647645583
27,37.47426591684311,127.06110298886324
28,36.8062748706708,127.15402199324761
28,36.80669880920744,127.15317987843785
28,36.80677871641234,127.15290458764385
28,36.80688784546937,127.15363862299223
28,36.80669050268797,127.15309600029839
28,36.807132312969166,127.15345147965532
28,36.80681134388477,127.15307259014578
28,36.8063055648218,127.15351055887294
28,36.80692497145111,127.1542717216605
28,36.80658158430401,127.15316443023669
28,36.80689857220273,127.15349113061124
28,36.8063840811432,127.15408353304869
28,36.80662531959305,127.15341371438885
28,36.80657888527024,127.15307698589227
28,36.80732501256717,127.15401412379411
28,36.80681840500956,127.15410169820201
28,36.80654876684016,127.15305894986808
28,36.80664003056998,127.1541567719095
28,36.80709991637214,127.15430481343797
28,36.80637184031924,127.15363182506394
28,36.80614984220643,127.15375084094899
28,36.80690754447308,127.15349802521581
28,36.8063840824412,127.15402745890185
28,36.80718226116642,127.15421201791763
28,36.806782541110735,127.15402197246584
28,36.806907442330775,127.15425125276404
28,36.8070290039555,127.15445945735361
28,36.8074486231258,127.15363044688058
28,36.80684271334432,127.15374279610931
28,36.806928014772886,127.1538795270938
28,36.807382675940964,127.15390599823515
28,36.8071085461833,127.15328962922804
28,36.8064527292848,127.1542797138613
29,36.784285821360555,127.22368010597388
29,36.78479005630728,127.22404482182293
29,36.78442417942178,127.22483982328696
29,36.784813693118245,127.22501381549841
29,36.78442899977459,127.22486224657567
29,36.78465026076907,127.22514921946029
29,36.78471952506675,127.22377149201947
29,36.7843479316092,127.22493267013459
29,36.784043664757526,127.22445662870008
29,36.78489306537278,127.22392575846337
29,36.78412787258641,127.22375215354909
29,36.78481020552916,127.22505361221636
29,36.78464818574169,127.22407351858776
29,36.78412888602929,127.22514826298905
29,36.784115872556896,127.22414425051738
29,36.78472970471987,127.22498505121654
29,36.78457598244553,127.22389443456781
29,36.78439897563601,127.22398611366431
29,36.78440873914197,127.2246846170055
29,36.78394564243464,127.22404402113561
29,36.78467470279687,127.22441466505225
29,36.78401532637854,127.22482236185067
29,36.78466809963118,127.22514866175852
29,36.784165128461375,127.2241807673211
29,36.78475319216617,127.22459531432892
29,36.7847294470434,127.2243652483757
29,36.784111942555235,127.2247225093895
29,36.784657633456646,127.22475418534361
29,36.784375093609995,127.22456271660782
29,36.7846676167598,127.22522563318057
29,36.78444927535956,127.2250640953767
29,36.78484259382706,127.22510204845521
29,36.78477804729963,127.22409619334715
30,36.7851376457434,127.28032840983767
30,36.784753373148206,127.28037481198082
30,36.78457775142882,127.27922037172037
30,36.78489989590802,127.28049122599508
30,36.784985124941194,127.27947557808915
30,36.78491899200684,127.28023136505414
30,36.784780476052745,127.28048699475448
30,36.78406612164772,127.28006740368292
30,36.783975831216075,127.27984687315154
30,36.78500645184314,127.2802246614746
30,36.78491333881596,127.28016752846969
30,36.78428805901551,127.27987747387557
30,36.78508544835951,127.28043883760546
30,36.78503452789448,127.27951661844322
30,36.784948772247624,127.28011165114471
30,36.78459591101203,127.27951909596706
30,36.78420959843276,127.2793214923056
30,36.78419019656785,127.27935666483643
30,36.78509397183818,127.28034280044258
30,36.784810769455376,127.28045465647865
30,36.78498418027617,127.27988288760717
30,36.784929507339186,127.2795217458841
30,36.784254690060536,127.27987361488731
30,36.78437934716151,127.27925102540512
30,36.784303111205006,127.28010449885812
30,36.78456628911839,127.27963526484719
30,36.784822171449136,127.27969760371911
30,36.784429213383945,127.27938988712972
30,36.7849449406008,127.28051467339495
30,36.78465640557935,127.27962194513643
30,36.78425889964088,127.27930858015476
30,36.78488918303148,127.28041697577747
30,36.785039409141824,127.28023087061551
31,34.98358627101907,127.71404050173116
31,34.98268589029146,127.71327616250629
31,34.98330990814021,127.71306587649192
31,34.982605826180226,127.71374229894637
31,34.983738124233746,127.71347317390068
31,34.98268259171727,127.713578341681
31,34.98329343233653,127.7138695584879
31,34.983103793814394,127.71311382758823
31,34.98288896291214,127.71436515280537
31,34.982593667862645,127.71340390973181
31,34.98355016905422,127.71372337981241
31,34.98291284551785,127.71424476692805
31,34.98265619573744,127.71376656007607
31,34.98329099284136,127.71386860276677
31,34.983347850900294,127.71363342456858
31,34.98354000859029,127.71442859252747
31,34.982773394592094,127.71421795851158
31,34.98275854091442,127.71412310269193
31,34.98333178507429,127.71333557112959
31,34.98348572015643,127.71358816614152
31,34.98302284667281,127.7141125859684
31,34.9837551016958,127.71391480108109
31,34.98312380453821,127.71328123922768
31,34.983768246473566,127.71359786950255
31,34.983397969979265,127.7131775818558
31,34.98352905317237,127.71434599814128
31,34.98292323384416,127.71358810663732
31,34.98270311907763,127.7143839092131
31,34.98340705300068,127.71410626516167
31,34.98279896947214,127.71368604150908
31,34.98348992409039,127.71366991926905
