region_id,mean_lat,mean_lon,num_points,total_visit_count,total_duration_sec,polygon_latlon
0,37.554844428283445,127.04716311727245,47,47.0,1312293.746,"[[37.55388518334144, 127.0485259806067], [37.55385092626554, 127.04852716143195], [37.553816739236915, 127.0485241576453], [37.5537829427609, 127.04851699740743], [37.55374985368137, 127.04850574784598], [37.5537177822103, 127.04849051442622], [37.55368702901954, 127.04847143996231], [37.55365788242201, 127.04844870327842], [37.55363061566869, 127.04842251753227], [37.55360548438693, 127.0483931282167], [37.553582724183926, 127.04836081085818], [37.55356254843785, 127.0483258684338], [37.55354514629748, 127.04828862853074], [37.55353068090885, 127.04824944027521], [37.55351928788579, 127.0482086710593], [37.55351107403855, 127.04816670309671], [37.553506116372404, 127.04812392983948], [37.55350446136575, 127.04808075228928], [37.553506124534366, 127.04803757523811], [37.55380801121872, 127.04412339279777], [37.55381309799165, 127.04407984702176], [37.5538215594037, 127.0440371447053], [37.553833313210305, 127.04399570091307], [37.55384824516498, 127.04395591847695], [37.55386621012975, 127.04391818408052], [37.553887033485935, 127.04388286450052], [37.5539105128314, 127.04385030304172], [37.55393641994792, 127.04382081620012], [37.553964503019415, 127.04379469058657], [37.55399448907965, 127.0437721801409], [37.55402608666539, 127.0437535036637], [37.554058988649466, 127.04373884268949], [37.55409287522599, 127.04372833972235], [37.5541274170189, 127.04372209685064], [37.554162278283435, 127.04372017475484], [37.554197120169604, 127.04372259211762], [37.55423160401576, 127.0437293254423], [37.5542653946404, 127.04374030928129], [37.554298163600095, 127.04375543687212], [37.55432959238196, 127.04377456117525], [37.55435937549959, 127.04379749630328], [37.554387223462335, 127.04382401932777], [37.55609410921731, 127.04562299995456], [37.55611974118496, 127.0456528400186], [37.556142920212764, 127.045685717609], [37.55616342118857, 127.04572131342222], [37.55618104500917, 127.04575928175565], [37.55619562051397, 127.04579925386504], [37.55620700614726, 127.04584084154568], [37.55621509133305, 127.04588364090262], [37.55621979754889, 127.04592723627322], [37.55622107908855, 127.04597120426406], [37.556218923505845, 127.04601511786288], [37.556213351735565, 127.04605855058566], [37.556204417890115, 127.0461010806186], [37.556192208734025, 127.0461422949147], [37.55565156575496, 127.04772476512406], [37.55563132968679, 127.0477750089524], [37.555439211972924, 127.04818558100706], [37.55542052578574, 127.04822145535442], [37.55539919472348, 127.0482549002755], [37.5553754159718, 127.04828560660336], [37.55534940934297, 127.04831329048679], [37.55532141524388, 127.04833769601426], [37.55529169245372, 127.04835859757955], [37.55526051573181, 127.04837580196731], [37.5552281732777, 127.04838915013909], [37.55519496406704, 127.04839851870358], [37.55516119508785, 127.04840382105718], [37.55388518334144, 127.0485259806067]]"
1,37.56426990664511,127.03846558006377,49,49.0,688315.441,"[[37.56139310191122, 127.03669981874077], [37.56137386520341, 127.03666284472105], [37.561357606379026, 127.03662366174683], [37.56134448330988, 127.03658265028147], [37.56133462341987, 127.03654020854286], [37.56132812244768, 127.03649674863667], [37.5613250435172, 127.03645269255489], [37.5613254165246, 127.03640846807838], [37.561329237848, 127.03636450462307], [37.56133647038268, 127.03632122907035], [37.56134704390132, 127.03627906162222], [37.56136085573597, 127.03623841172102], [37.56137777177488, 127.03619967407383], [37.561397627764734, 127.03616322481996], [37.56142023090556, 127.03612941787856], [37.56144536172277, 127.03609858151216], [37.56147277619825, 127.03607101513931], [37.56150220813977, 127.03604698642712], [37.56153337176566, 127.03602672869238], [37.56156596447976, 127.03601043863596], [37.56304655447976, 127.03537498863594], [37.56307916476879, 127.03536314923781], [37.56311252082666, 127.03535528317535], [37.56314631919697, 127.03535146200997], [37.563180252399384, 127.03535172050469], [37.56321401172694, 127.03535605630788], [37.56324729005449, 127.03536442997458], [37.56327978463279, 127.03537676532545], [37.56331119984274, 127.03539295013977], [37.563341249884765, 127.03541283717635], [37.563369661378935, 127.03543624551308], [37.56339617585196, 127.03546296219285], [37.56342055208869, 127.03549274416092], [37.565187825132156, 127.03786821807401], [37.565210695791706, 127.03790219382834], [37.56523078234498, 127.03793886391095], [37.56524788668176, 127.03797786665109], [37.56526184010491, 127.03801881737145], [37.565272504994205, 127.0380613121821], [37.56527977616368, 127.038104931964], [37.56528358189903, 127.03814924650274], [37.56528388466495, 127.03819381873166], [37.565280681475315, 127.03823820904249], [37.565274003922625, 127.03828197962125], [37.56526391786644, 127.03832469876619], [37.56525052278379, 127.03836594514576], [37.5652339507881, 127.03840531195398], [37.56521436532609, 127.0384424109228], [37.56519195956582, 127.03847687615144], [37.56516695449147, 127.03850836771528], [37.56498736725444, 127.03871311509252], [37.564962940498404, 127.03873856557895], [37.564791714691964, 127.03890134863647], [37.56477769715972, 127.03891401498025], [37.56460455641898, 127.03906259211391], [37.564597339921605, 127.0390686241101], [37.564341274412335, 127.03927704887859], [37.56433376939438, 127.03928299192411], [37.56361201314438, 127.03983884817411], [37.56358101187377, 127.03986013575201], [37.56354849116307, 127.0398774432591], [37.56351477109952, 127.03989060034509], [37.56348018357513, 127.0398994775105], [37.563445069019906, 127.03990398738122], [37.56340977305122, 127.03990408556857], [37.563374643071995, 127.03989977110609], [37.563340024851406, 127.0398910864592], [37.56330625912161, 127.03987811710711], [37.56327367822406, 127.03986099070153], [37.563242602838415, 127.03983987581026], [37.563213338826245, 127.03981498025803], [37.56318617422055, 127.03978654908097], [37.563161376390774, 127.03975486211485], [37.56313918941122, 127.03972023124076], [37.56139310191122, 127.03669981874077]]"
2,37.56113876490683,127.04113521532094,2,2.0,22200.012,"[[37.56133610660957, 127.04069940500908], [37.5613562738082, 127.04068737229188], [37.56141900558448, 127.04065905679406], [37.56148363536211, 127.04063863437797], [37.561549540721, 127.04062630172268], [37.56161608695652, 127.04062217759841], [37.561682633192035, 127.04062630172268], [37.56174853855092, 127.04063863437797], [37.561813168328555, 127.04065905679406], [37.56187590010484, 127.04068737229188], [37.56193612973847, 127.04072330817776], [37.56199327718516, 127.04076651836944], [37.562046792083756, 127.04081658672916], [37.56209615905653, 127.04087303107126], [37.56214090267255, 127.04093530780584], [37.56218059202633, 127.04100281717393], [37.56221484488769, 127.04107490902341], [37.56224333138287, 127.04115088907034], [37.56226577717133, 127.04123002558535], [37.562281966087866, 127.04131155644053], [37.56229174222436, 127.04139469644919], [37.562295011431274, 127.04147864492758], [37.56229174222436, 127.04156259340597], [37.562281966087866, 127.04164573341461], [37.56226577717133, 127.0417272642698], [37.56224333138287, 127.04180640078481], [37.56221484488769, 127.04188238083174], [37.56218059202633, 127.04195447268121], [37.56214090267255, 127.0420219820493], [37.56209615905653, 127.04208425878389], [37.562046792083756, 127.04214070312598], [37.56199327718516, 127.0421907714857], [37.56193612973847, 127.04223398167738], [37.56187590010484, 127.04226991756326], [37.561813168328555, 127.04229823306109], [37.56174853855092, 127.04231865547717], [37.561682633192035, 127.04233098813246], [37.56161608695652, 127.04233511225675], [37.561549540721, 127.04233098813246], [37.56148363536211, 127.04231865547717], [37.56141900558448, 127.04229823306109], [37.5613562738082, 127.04226991756326], [37.56129604417456, 127.04223398167738], [37.56123889672787, 127.0421907714857], [37.561185381829276, 127.04214070312598], [37.5611360148565, 127.04208425878389], [37.561091271240485, 127.0420219820493], [37.56105158188671, 127.04195447268121], [37.56101732902534, 127.04188238083174], [37.560988842530165, 127.04180640078481], [37.560966396741705, 127.0417272642698], [37.560950207825165, 127.04164573341461], [37.560941423204085, 127.04157102563276], [37.560921256005464, 127.04158305834996], [37.56085852422918, 127.04161137384779], [37.56079389445155, 127.04163179626387], [37.56072798909266, 127.04164412891916], [37.560661442857146, 127.04164825304345], [37.56059489662163, 127.04164412891916], [37.56052899126274, 127.04163179626387], [37.56046436148511, 127.04161137384779], [37.56040162970883, 127.04158305834996], [37.560341400075195, 127.04154712246408], [37.560284252628506, 127.0415039122724], [37.5602307377299, 127.04145384391269], [37.56018137075713, 127.0413973995706], [37.56013662714111, 127.041335122836], [37.560096937787335, 127.04126761346791], [37.560062684925974, 127.04119552161845], [37.5600341984308, 127.0411195415715], [37.56001175264233, 127.0410404050565], [37.5599955637258, 127.04095887420132], [37.559985787589305, 127.04087573419267], [37.55998251838239, 127.04079178571428], [37.559985787589305, 127.04070783723589], [37.5599955637258, 127.04062469722723], [37.56001175264233, 127.04054316637205], [37.5600341984308, 127.04046402985703], [37.560062684925974, 127.0403880498101], [37.560096937787335, 127.04031595796063], [37.56013662714111, 127.04024844859254], [37.56018137075713, 127.04018617185795], [37.5602307377299, 127.04012972751586], [37.560284252628506, 127.04007965915613], [37.560341400075195, 127.04003644896446], [37.56040162970883, 127.04000051307858], [37.56046436148511, 127.03997219758075], [37.56052899126274, 127.03995177516468], [37.56059489662163, 127.0399394425094], [37.560661442857146, 127.0399353183851], [37.56072798909266, 127.0399394425094], [37.56079389445155, 127.03995177516468], [37.56085852422918, 127.03997219758075], [37.560921256005464, 127.04000051307858], [37.5609814856391, 127.04003644896446], [37.56103863308579, 127.04007965915613], [37.56109214798439, 127.04012972751586], [37.561141514957164, 127.04018617185795], [37.56118625857318, 127.04024844859254], [37.56122594792696, 127.04031595796063], [37.561260200788325, 127.0403880498101], [37.5612886872835, 127.04046402985703], [37.56131113307196, 127.04054316637205], [37.56132732198849, 127.04062469722723], [37.56133610660957, 127.04069940500908]]"
3,34.96409606456272,127.71851858778612,2,2.0,59999.96400000001,"[[34.96464157055669, 127.71808909166448], [34.96468301731741, 127.71813493014623], [34.964727760933435, 127.71819516967209], [34.96476745028721, 127.71826047066051], [34.964801703148574, 127.71833020422729], [34.96483018964375, 127.71840369880006], [34.964852635432216, 127.71848024658588], [34.96486882434875, 127.71855911038777], [34.96487860048524, 127.71863953070418], [34.96488186969216, 127.71872073304351], [34.96487860048524, 127.71880193538284], [34.96486882434875, 127.71888235569925], [34.964852635432216, 127.71896121950114], [34.96483018964375, 127.71903776728698], [34.964801703148574, 127.71911126185974], [34.96476745028721, 127.71918099542651], [34.964727760933435, 127.71924629641494], [34.96468301731741, 127.71930653594079], [34.96463365034464, 127.71936113386451], [34.96458013544604, 127.71940956437825], [34.96452298799935, 127.71945136106967], [34.96446275836572, 127.71948612141381], [34.96440002658944, 127.71951351064953], [34.964335396811805, 127.71953326500355], [34.96426949145292, 127.71954519423059], [34.9642029452174, 127.71954918344572], [34.964136398981886, 127.71954519423059], [34.96407049362299, 127.71953326500355], [34.964005863845365, 127.71951351064953], [34.96394313206908, 127.71948612141381], [34.963882902435444, 127.71945136106967], [34.963825754988754, 127.71940956437825], [34.96377224009016, 127.71936113386451], [34.96372287311738, 127.71930653594079], [34.96367812950137, 127.71924629641494], [34.96363844014759, 127.71918099542651], [34.96360418728622, 127.71911126185974], [34.96357570079105, 127.71903776728698], [34.96355325500259, 127.71896121950114], [34.96355055856875, 127.7189480839078], [34.96350911180802, 127.71890224542605], [34.963464368192, 127.7188420059002], [34.96342467883822, 127.71877670491178], [34.96339042597686, 127.718706971345], [34.963361939481686, 127.71863347677224], [34.96333949369322, 127.7185569289864], [34.96332330477669, 127.71847806518453], [34.96331352864019, 127.7183976448681], [34.96331025943328, 127.71831644252877], [34.96331352864019, 127.71823524018946], [34.96332330477669, 127.71815481987304], [34.96333949369322, 127.71807595607116], [34.963361939481686, 127.71799940828532], [34.96339042597686, 127.71792591371256], [34.96342467883822, 127.71785618014579], [34.963464368192, 127.71779087915736], [34.96350911180802, 127.7177306396315], [34.9635584787808, 127.71767604170778], [34.96361199367939, 127.71762761119405], [34.96366914112608, 127.71758581450261], [34.963729370759715, 127.71755105415848], [34.963792102536, 127.71752366492275], [34.96385673231363, 127.71750391056875], [34.96392263767252, 127.7174919813417], [34.96398918390803, 127.71748799212658], [34.96405573014355, 127.7174919813417], [34.964121635502444, 127.71750391056875], [34.96418626528007, 127.71752366492275], [34.96424899705635, 127.71755105415848], [34.96430922668999, 127.71758581450261], [34.96436637413668, 127.71762761119405], [34.96441988903528, 127.71767604170778], [34.96446925600805, 127.7177306396315], [34.96451399962407, 127.71779087915736], [34.964553688977844, 127.71785618014579], [34.96458794183921, 127.71792591371256], [34.96461642833439, 127.71799940828532], [34.96463887412285, 127.71807595607116], [34.96464157055669, 127.71808909166448]]"
4,11.958237502678571,121.9264247236607,2,2.0,18000.01,[]
5,11.959105042975143,121.92970984935353,5,5.0,105900.347,"[[11.95849281156535, 121.92963443215564], [11.958475524049451, 121.92961512200147], [11.95846017533166, 121.92959416977295], [11.9584469138028, 121.92957177803544], [11.95843586767482, 121.92954816327138], [11.958427143741273, 121.92952355378745], [11.958420826344812, 121.92949818750716], [11.958416976561788, 121.92947230967077], [11.958415631611754, 121.92944617046422], [11.958416804497636, 121.92942002260035], [11.95842048388002, 121.92939411887572], [11.958426634186777, 121.92936870972655], [11.958435195956975, 121.92934404080754], [11.958446086415744, 121.92932035061683], [11.958459200274545, 121.92929786819032], [11.958474410749089, 121.92927681088723], [11.958491570785085, 121.92925738228877], [11.958510514479963, 121.9292397702299], [11.958531058686798, 121.92922414498331], [11.958553004784982, 121.92921065761332], [11.95857614060047, 121.9291994385153], [11.958600242457083, 121.92919059615505], [11.958625077338983, 121.92918421602018], [11.958650405143482, 121.92918035979359], [11.958675981002326, 121.92917906475715], [11.958701557649086, 121.9291803434312], [11.959271268833298, 121.92923762808033], [11.959296111493977, 121.92924136944032], [11.959320486174898, 121.92924753902935], [11.959344166269906, 121.92925607949007], [11.959366931630266, 121.92926691142368], [11.959388570611331, 121.92927993412802], [11.959408882040165, 121.9292950265338], [11.959427677085793, 121.9293120483302], [11.959444781014728, 121.92933084126923], [11.959460034815434, 121.92935123063702], [11.959473296676615, 121.929373026878], [11.959484443305607, 121.9293960273572], [11.959493371074606, 121.92942001824414], [11.95959133606964, 121.92972706519878], [11.959597951932238, 121.92975177728935], [11.959602213120178, 121.92977702502952], [11.959604080163796, 121.92980257455964], [11.959603535769423, 121.92982818922475], [11.959600584979562, 121.92985363176655], [11.959595255126187, 121.92987866652105], [11.95958759557758, 121.92990306160144], [11.95957767728104, 121.92992659104593], [11.959565592105745, 121.9299490369108], [11.959551451991791, 121.92997019128907], [11.95953538791334, 121.92998985823628], [11.959517548665458, 121.93000785558543], [11.959498099485897, 121.93002401663436], [11.959477220524544, 121.9300381916898], [11.959455105174786, 121.93005024945394], [11.959246842966127, 121.93015095461492], [11.959222326300372, 121.93016128308746], [11.959196909234436, 121.9301690096594], [11.959170855275234, 121.93017405422685], [11.95914443453256, 121.9301763644912], [11.959117920918768, 121.93017591650117], [11.959091589309041, 121.93017271490122], [11.959065712691666, 121.93016679288337], [11.959040559337877, 121.93015821184308], [11.959016390020599, 121.93014706074275], [11.958993455310935, 121.93013345518948], [11.958971992980414, 121.93011753623637], [11.958952225535937, 121.93009946892036], [11.95849281156535, 121.92963443215564]]"
6,11.963390054467407,121.92616510406157,4,4.0,37799.56,"[[11.96247230790409, 121.9271283169623], [11.962449330459313, 121.9271386066745], [11.96242546676309, 121.9271465124536], [11.962400952853587, 121.92715195610276], [11.962376031200291, 121.92715488377831], [11.962350948305726, 121.92715526652233], [11.962325952267268, 121.92715310054906], [11.962301290323186, 121.92714840728235], [11.962277206407194, 121.92714123314376], [11.962253938735675, 121.9271316490934], [11.96223171745145, 121.92711974992805], [11.96221076234743, 121.92710565334353], [11.962191280692604, 121.92708949877056], [11.962173465181937, 121.92707144599558], [11.962157492030396, 121.92705167358038], [11.962143519229993, 121.92703037709585], [11.962131684987067, 121.92700776718762], [11.962122106355281, 121.92698406749251], [11.962114878077822, 121.92695951242654], [11.962110071650292, 121.92693434486627], [11.962107734613541, 121.92690881374652], [11.962107890083425, 121.9268831715981], [11.96211053652218, 121.92685767205003], [11.962115647753619, 121.92683256732084], [11.962123173222047, 121.92680810572386], [11.962133038492318, 121.92678452921118], [11.962145145986076, 121.92676207098037], [11.962159375946909, 121.92674095316802], [11.962175587624875, 121.92672138465248], [11.962193620668675, 121.92670355898787], [11.962700952661683, 121.92624973188995], [11.96271898902116, 121.92623503058806], [11.964613539982693, 121.92483070654959], [11.964634475410714, 121.92481675180271], [11.964656659107934, 121.92480498344928], [11.964679873268318, 121.92479551703444], [11.964703889968433, 121.9247884455022], [11.96472847340528, 121.92478383828296], [11.964753382211471, 121.92478174061173], [11.964778371825046, 121.9247821730841], [11.964803196890657, 121.92478513145387], [11.964827613668533, 121.92479058667494], [11.964851382427593, 121.92479848518634], [11.964874269799196, 121.92480874943818], [11.964896051068418, 121.92482127865301], [11.964916512380377, 121.92483594981535], [11.964935452839914, 121.9248526188794], [11.964952686484047, 121.92487112218342], [11.964968044107806, 121.92489127805653], [11.964981374925541, 121.9249128886025], [11.964992548051377, 121.92493574164263], [11.965001453784291, 121.92495961279907], [11.965008004685185, 121.92498426769782], [11.965012136435396, 121.92500946426985], [11.965013808468187, 121.92503495512784], [11.965013004367053, 121.92506048999509], [11.965009732026893, 121.92508581816276], [11.965004023576503, 121.92511069095148], [11.96499593506312, 121.92513486415295], [11.96498554590214, 121.92515810042757], [11.964972958097391, 121.92518017163479], [11.964958295239628, 121.92520086107302], [11.964941701293084, 121.92521996560731], [11.963751903078801, 121.92646015667876], [11.963731263902966, 121.92647941049871], [11.963708667994023, 121.92649621263571], [11.963684392644348, 121.92651035689734], [11.96247230790409, 121.9271283169623]]"
7,37.55804105470588,127.04563816137254,2,2.0,17699.977,"[[37.55777034753294, 127.04490387852822], [37.55780957487275, 127.04485902932618], [37.55786308977135, 127.04480896304801], [37.55792023721804, 127.04476575465276], [37.557980466851674, 127.0447298202609], [37.558043198627956, 127.04470150594027], [37.55810782840559, 127.04468108437324], [37.55817373376448, 127.04466875223066], [37.55824027999999, 127.04466462827784], [37.55830682623551, 127.04466875223066], [37.558372731594396, 127.04468108437324], [37.55843736137203, 127.04470150594027], [37.55850009314831, 127.0447298202609], [37.55856032278194, 127.04476575465276], [37.55861747022864, 127.04480896304801], [37.558670985127236, 127.04485902932618], [37.55872035210001, 127.04491547132164], [37.558765095716026, 127.04497774546712], [37.5588047850698, 127.04504525202856], [37.55883903793117, 127.04511734088086], [37.55886752442635, 127.04519331776898], [37.55888997021481, 127.04527245099395], [37.55890615913134, 127.04535397845954], [37.55891593526784, 127.04543711501172], [37.558919204474755, 127.04552106000001], [37.55891593526784, 127.0456050049883], [37.55890615913134, 127.04568814154048], [37.55888997021481, 127.04576966900608], [37.55886752442635, 127.04584880223103], [37.55883903793117, 127.04592477911916], [37.5588047850698, 127.04599686797147], [37.558765095716026, 127.0460643745329], [37.55872035210001, 127.04612664867838], [37.558670985127236, 127.04618309067384], [37.55861747022864, 127.04623315695201], [37.55856032278194, 127.04627636534725], [37.55850009314831, 127.04631229973911], [37.55843736137203, 127.04634061405976], [37.558372731594396, 127.04636103562679], [37.558311761878805, 127.04637244421689], [37.55827253453899, 127.04641729341893], [37.5582190196404, 127.04646735969709], [37.5581618721937, 127.04651056809233], [37.55810164256007, 127.04654650248419], [37.558038910783786, 127.04657481680483], [37.55797428100615, 127.04659523837186], [37.557908375647266, 127.04660757051444], [37.55784182941175, 127.04661169446726], [37.557775283176234, 127.04660757051444], [37.557709377817346, 127.04659523837186], [37.55764474803971, 127.04657481680483], [37.55758201626343, 127.04654650248419], [37.5575217866298, 127.04651056809233], [37.55746463918311, 127.04646735969709], [37.557411124284506, 127.04641729341893], [37.55736175731173, 127.04636085142346], [37.557317013695716, 127.04629857727798], [37.55727732434194, 127.04623107071654], [37.55724307148058, 127.04615898186424], [37.5572145849854, 127.04608300497611], [37.557192139196935, 127.04600387175115], [37.5571759502804, 127.04592234428556], [37.55716617414391, 127.04583920773338], [37.557162904936995, 127.04575526274509], [37.55716617414391, 127.0456713177568], [37.5571759502804, 127.04558818120462], [37.557192139196935, 127.04550665373903], [37.5572145849854, 127.04542752051407], [37.55724307148058, 127.04535154362594], [37.55727732434194, 127.04527945477363], [37.557317013695716, 127.0452119482122], [37.55736175731173, 127.04514967406672], [37.557411124284506, 127.04509323207125], [37.55746463918311, 127.04504316579309], [37.5575217866298, 127.04499995739785], [37.55758201626343, 127.04496402300597], [37.55764474803971, 127.04493570868534], [37.557709377817346, 127.04491528711831], [37.55777034753294, 127.04490387852822]]"
8,37.55798426894841,127.04223914977514,6,6.0,18599.996000000003,"[[37.557231481921555, 127.0432925435394], [37.55720551928275, 127.04329737217584], [37.55717930644159, 127.04329896676185], [37.55715309594701, 127.0432973119343], [37.55712714032532, 127.0432924236367], [37.55710168964728, 127.04328434896561], [37.55707698911872, 127.04327316571687], [37.55705327671812, 127.04325898163603], [37.557030780903794, 127.04324193338034], [37.5570097184128, 127.04322218520207], [37.55699029217277, 127.04319992736603], [37.55697268934677, 127.04317537431648], [37.556957079530136, 127.04314876261097], [37.55694361311641, 127.04312034864135], [37.556932419848444, 127.04309040616344], [37.55692360756833, 127.04305922365953], [37.556917261178434, 127.043027101559], [37.55691344182336, 127.04299434934389], [37.556912186300885, 127.04296128256703], [37.556913506707396, 127.04292821981194], [37.556917390321374, 127.04289547962341], [37.5570084236547, 127.04232200184563], [37.55701458849603, 127.04229091768404], [37.557023063954254, 127.04226071179608], [37.55703377352964, 127.04223165682093], [37.557046620557244, 127.04220401500969], [37.557061489079416, 127.04217803585814], [37.55707824489245, 127.04215395385486], [37.558500561559136, 127.04029576163265], [37.558519421735475, 127.04027339723785], [37.55853990795293, 127.04025343830534], [37.558561828190705, 127.04023607191354], [37.55858497698671, 127.0402214608406], [37.55860913736337, 127.04020974203856], [37.55863408286139, 127.04020102534975], [37.55865957966239, 127.04019539247716], [37.55868538878055, 127.04019289621866], [37.55871126830265, 127.04019355997208], [37.558736975655535, 127.040197377516], [37.55876226987985, 127.04020431306787], [37.558786913888554, 127.04021430161964], [37.55881067668918, 127.0402272495469], [37.558833335548975, 127.04024303548655], [37.55885467808263, 127.04026151147431], [37.558874504242965, 127.04028250433161], [37.55889262819601, 127.04030581728887], [37.558908880062916, 127.04033123182977], [37.55892310751216, 127.04035850973953], [37.558935177187465, 127.04038739533772], [37.55963070575888, 127.04226733676627], [37.55964084242177, 127.0422987723554], [37.55964842340921, 127.04233133382863], [37.55965337196414, 127.04236469150295], [37.55965563798273, 127.04239850763386], [37.55965519852168, 127.04243243983504], [37.5596520580305, 127.0424661445449], [37.55964624830649, 127.04249928050525], [37.559637828172754, 127.04253151221644], [37.55962688288266, 127.04256251333426], [37.55961352325663, 127.04259196997423], [37.55959788456009, 127.04261958388956], [37.55958012513393, 127.04264507549101], [37.55956042479129, 127.04266818667759], [37.559538982997005, 127.0426886834499], [37.55951601684797, 127.0427063582793], [37.55949175887511, 127.0427210322092], [37.55946645468898, 127.0427325566669], [37.55944036049297, 127.04274081496797], [37.557231481921555, 127.0432925435394]]"
9,37.5076175771875,127.00697235156251,2,2.0,15000.007,[]
10,37.319307390909096,127.1083596090909,1,1.0,2839.589,"[[37.319307390909096, 127.10919038726941], [37.31924263173693, 127.10918638684541], [37.31917849623098, 127.10917442409966], [37.319115602051255, 127.10915461423996], [37.31905455490306, 127.10912714804608], [37.31899594270383, 127.10909229003248], [37.31894032992107, 127.10905037590089], [37.318888252136276, 127.10900180930732], [37.31884021088699, 127.10894705797459], [37.318796668836704, 127.10888664918798], [37.318758045319164, 127.10882116471711], [37.318724712299954, 127.10875123521328], [37.31869699079428, 127.10867753413578], [37.31867514777539, 127.10860077126631], [37.3186593936035, 127.10852168587327], [37.31864987999988, 127.10844103959221], [37.31864669858576, 127.1083596090909], [37.31864987999988, 127.10827817858959], [37.3186593936035, 127.10819753230852], [37.31867514777539, 127.10811844691548], [37.31869699079428, 127.10804168404601], [37.318724712299954, 127.10796798296852], [37.318758045319164, 127.10789805346468], [37.318796668836704, 127.10783256899381], [37.31884021088699, 127.1077721602072], [37.318888252136276, 127.10771740887448], [37.31894032992107, 127.1076688422809], [37.31899594270383, 127.10762692814932], [37.31905455490306, 127.10759207013571], [37.319115602051255, 127.10756460394184], [37.31917849623098, 127.10754479408213], [37.31924263173693, 127.10753283133639], [37.319307390909096, 127.10752883091239], [37.319372150081264, 127.10753283133639], [37.31943628558721, 127.10754479408213], [37.319499179766936, 127.10756460394184], [37.31956022691513, 127.10759207013571], [37.31961883911436, 127.10762692814932], [37.31967445189712, 127.1076688422809], [37.319726529681915, 127.10771740887448], [37.3197745709312, 127.1077721602072], [37.31981811298149, 127.10783256899381], [37.31985673649903, 127.10789805346468], [37.31989006951824, 127.10796798296852], [37.31991779102391, 127.10804168404601], [37.319939634042804, 127.10811844691548], [37.319955388214694, 127.10819753230852], [37.31996490181831, 127.10827817858959], [37.31996808323243, 127.1083596090909], [37.31996490181831, 127.10844103959221], [37.319955388214694, 127.10852168587327], [37.319939634042804, 127.10860077126631], [37.31991779102391, 127.10867753413578], [37.31989006951824, 127.10875123521328], [37.31985673649903, 127.10882116471711], [37.31981811298149, 127.10888664918798], [37.3197745709312, 127.10894705797459], [37.319726529681915, 127.10900180930732], [37.31967445189712, 127.10905037590089], [37.31961883911436, 127.10909229003248], [37.31956022691513, 127.10912714804608], [37.319499179766936, 127.10915461423996], [37.31943628558721, 127.10917442409966], [37.319372150081264, 127.10918638684541], [37.319307390909096, 127.10919038726941]]"
11,37.53901757227722,127.04508840396036,1,1.0,30000.002,"[[37.53901757227722, 127.04592162399058], [37.53895281310505, 127.04591761180839], [37.538888677599104, 127.04590561390133], [37.53882578341938, 127.04588574581581], [37.53876473627118, 127.04585819889235], [37.53870612407195, 127.04582323842288], [37.53865051128919, 127.04578120109585], [37.5385984335044, 127.04573249175367], [37.53855039225511, 127.04567757949394], [37.538506850204826, 127.04561699315175], [37.538468226687286, 127.0455513162067], [37.538434893668075, 127.04548118116367], [37.5384071721624, 127.04540726346144], [37.53838532914351, 127.04533027496791], [37.53836957497162, 127.04525095712437], [37.538360061368, 127.045170073805], [37.53835687995388, 127.04508840396036], [37.538360061368, 127.04500673411573], [37.53836957497162, 127.04492585079636], [37.53838532914351, 127.04484653295282], [37.5384071721624, 127.04476954445929], [37.538434893668075, 127.04469562675706], [37.538468226687286, 127.04462549171403], [37.538506850204826, 127.04455981476897], [37.53855039225511, 127.04449922842679], [37.5385984335044, 127.04444431616706], [37.53865051128919, 127.04439560682488], [37.53870612407195, 127.04435356949784], [37.53876473627118, 127.04431860902838], [37.53882578341938, 127.04429106210492], [37.538888677599104, 127.0442711940194], [37.53895281310505, 127.04425919611234], [37.53901757227722, 127.04425518393015], [37.539082331449386, 127.04425919611234], [37.53914646695533, 127.0442711940194], [37.53920936113506, 127.04429106210492], [37.53927040828325, 127.04431860902838], [37.539329020482484, 127.04435356949784], [37.53938463326524, 127.04439560682488], [37.53943671105004, 127.04444431616706], [37.53948475229932, 127.04449922842679], [37.53952829434961, 127.04455981476897], [37.53956691786715, 127.04462549171403], [37.53960025088636, 127.04469562675706], [37.53962797239203, 127.04476954445929], [37.539649815410925, 127.04484653295282], [37.539665569582816, 127.04492585079636], [37.53967508318643, 127.04500673411573], [37.53967826460055, 127.04508840396036], [37.53967508318643, 127.045170073805], [37.539665569582816, 127.04525095712437], [37.539649815410925, 127.04533027496791], [37.53962797239203, 127.04540726346144], [37.53960025088636, 127.04548118116367], [37.53956691786715, 127.0455513162067], [37.53952829434961, 127.04561699315175], [37.53948475229932, 127.04567757949394], [37.53943671105004, 127.04573249175367], [37.53938463326524, 127.04578120109585], [37.539329020482484, 127.04582323842288], [37.53927040828325, 127.04585819889235], [37.53920936113506, 127.04588574581581], [37.53914646695533, 127.04590561390133], [37.539082331449386, 127.04591761180839], [37.53901757227722, 127.04592162399058]]"
12,34.96739117012986,127.72091463766236,1,1.0,22800.003,"[[34.96739117012986, 127.72172087289935], [34.96732641095769, 127.72171699065633], [34.967262275451745, 127.72170538131535], [34.96719938127202, 127.72168615668073], [34.967138334123824, 127.72165950189621], [34.96707972192459, 127.72162567366193], [34.96702410914183, 127.72158499776229], [34.96697203135704, 127.72153786592843], [34.96692399010775, 127.72148473206568], [34.966880448057466, 127.72142610788217], [34.96684182453993, 127.72136255796084], [34.966808491520716, 127.7212946943222], [34.96678077001504, 127.72122317053015], [34.96675892699615, 127.72114867539793], [34.96674317282426, 127.72107192635437], [34.966733659220644, 127.72099366253472], [34.96673047780652, 127.72091463766236], [34.966733659220644, 127.72083561279], [34.96674317282426, 127.72075734897035], [34.96675892699615, 127.7206805999268], [34.96678077001504, 127.72060610479457], [34.966808491520716, 127.72053458100252], [34.96684182453993, 127.72046671736388], [34.966880448057466, 127.72040316744256], [34.96692399010775, 127.72034454325905], [34.96697203135704, 127.7202914093963], [34.96702410914183, 127.72024427756243], [34.96707972192459, 127.72020360166279], [34.967138334123824, 127.72016977342851], [34.96719938127202, 127.72014311864399], [34.967262275451745, 127.72012389400938], [34.96732641095769, 127.72011228466839], [34.96739117012986, 127.72010840242537], [34.96745592930203, 127.72011228466839], [34.96752006480797, 127.72012389400938], [34.9675829589877, 127.72014311864399], [34.96764400613589, 127.72016977342851], [34.967702618335124, 127.72020360166279], [34.967758231117884, 127.72024427756243], [34.96781030890268, 127.7202914093963], [34.967858350151964, 127.72034454325905], [34.96790189220225, 127.72040316744256], [34.96794051571979, 127.72046671736388], [34.967973848739, 127.72053458100252], [34.968001570244674, 127.72060610479457], [34.968023413263566, 127.7206805999268], [34.96803916743546, 127.72075734897035], [34.96804868103907, 127.72083561279], [34.968051862453194, 127.72091463766236], [34.96804868103907, 127.72099366253472], [34.96803916743546, 127.72107192635437], [34.968023413263566, 127.72114867539793], [34.968001570244674, 127.72122317053015], [34.967973848739, 127.7212946943222], [34.96794051571979, 127.72136255796084], [34.96790189220225, 127.72142610788217], [34.967858350151964, 127.72148473206568], [34.96781030890268, 127.72153786592843], [34.967758231117884, 127.72158499776229], [34.967702618335124, 127.72162567366193], [34.96764400613589, 127.72165950189621], [34.9675829589877, 127.72168615668073], [34.96752006480797, 127.72170538131535], [34.96745592930203, 127.72171699065633], [34.96739117012986, 127.72172087289935]]"
13,34.937722348387105,127.69812188709676,1,1.0,9000.249,"[[34.937722348387105, 127.69892783057625], [34.937657589214936, 127.69892394973812], [34.93759345370899, 127.69891234459828], [34.937530559529264, 127.69889312692061], [34.93746951238107, 127.69886648178183], [34.93741090018184, 127.6988326657892], [34.93735528739908, 127.6987920046092], [34.937303209614285, 127.69874488983123], [34.937255168365, 127.69869177519637], [34.93721162631471, 127.69863317222757], [34.937173002797174, 127.69856964530346], [34.93713966977796, 127.69850180622306], [34.93711194827229, 127.69843030831379], [34.9370901052534, 127.6983558401396], [34.937074351081506, 127.6982791188697], [34.93706483747789, 127.69820088337188], [34.93706165606377, 127.69812188709676], [34.93706483747789, 127.69804289082164], [34.937074351081506, 127.69796465532382], [34.9370901052534, 127.69788793405392], [34.93711194827229, 127.69781346587973], [34.93713966977796, 127.69774196797046], [34.937173002797174, 127.69767412889006], [34.93721162631471, 127.69761060196595], [34.937255168365, 127.69755199899716], [34.937303209614285, 127.69749888436229], [34.93735528739908, 127.69745176958432], [34.93741090018184, 127.69741110840432], [34.93746951238107, 127.69737729241169], [34.937530559529264, 127.69735064727291], [34.93759345370899, 127.69733142959524], [34.937657589214936, 127.6973198244554], [34.937722348387105, 127.69731594361727], [34.937787107559274, 127.6973198244554], [34.93785124306522, 127.69733142959524], [34.937914137244945, 127.69735064727291], [34.93797518439314, 127.69737729241169], [34.93803379659237, 127.69741110840432], [34.93808940937513, 127.69745176958432], [34.938141487159925, 127.69749888436229], [34.93818952840921, 127.69755199899716], [34.938233070459496, 127.69761060196595], [34.938271693977036, 127.69767412889006], [34.93830502699625, 127.69774196797046], [34.93833274850192, 127.69781346587973], [34.93835459152081, 127.69788793405392], [34.938370345692704, 127.69796465532382], [34.93837985929632, 127.69804289082164], [34.93838304071044, 127.69812188709676], [34.93837985929632, 127.69820088337188], [34.938370345692704, 127.6982791188697], [34.93835459152081, 127.6983558401396], [34.93833274850192, 127.69843030831379], [34.93830502699625, 127.69850180622306], [34.938271693977036, 127.69856964530346], [34.938233070459496, 127.69863317222757], [34.93818952840921, 127.69869177519637], [34.938141487159925, 127.69874488983123], [34.93808940937513, 127.6987920046092], [34.93803379659237, 127.6988326657892], [34.93797518439314, 127.69886648178183], [34.937914137244945, 127.69889312692061], [34.93785124306522, 127.69891234459828], [34.937787107559274, 127.69892394973812], [34.937722348387105, 127.69892783057625]]"
14,34.98049223270439,127.7144742100629,1,1.0,47400.001,"[[34.98049223270439, 127.71528057426931], [34.980427473532224, 127.71527669140526], [34.98036333802628, 127.71526508020719], [34.98030044384655, 127.7152458524973], [34.98023939669836, 127.71521919344896], [34.980180784499126, 127.71518535980334], [34.98012517171637, 127.71514467739698], [34.98007309393157, 127.71509753802367], [34.98002505268229, 127.71504439566137], [34.979981510632, 127.71498576210004], [34.97994288711446, 127.71492220201296], [34.97990955409525, 127.7148543275185], [34.97988183258958, 127.71478279228515], [34.979859989570684, 127.71470828523631], [34.979844235398794, 127.7146315239156], [34.97983472179518, 127.71455324757648], [34.979831540381056, 127.7144742100629], [34.97983472179518, 127.71439517254933], [34.979844235398794, 127.7143168962102], [34.979859989570684, 127.7142401348895], [34.97988183258958, 127.71416562784066], [34.97990955409525, 127.71409409260731], [34.97994288711446, 127.71402621811285], [34.979981510632, 127.71396265802576], [34.98002505268229, 127.71390402446444], [34.98007309393157, 127.71385088210214], [34.98012517171637, 127.71380374272883], [34.980180784499126, 127.71376306032246], [34.98023939669836, 127.71372922667685], [34.98030044384655, 127.7137025676285], [34.98036333802628, 127.71368333991862], [34.980427473532224, 127.71367172872054], [34.98049223270439, 127.71366784585649], [34.98055699187656, 127.71367172872054], [34.980621127382506, 127.71368333991862], [34.98068402156223, 127.7137025676285], [34.980745068710426, 127.71372922667685], [34.98080368090966, 127.71376306032246], [34.98085929369242, 127.71380374272883], [34.98091137147721, 127.71385088210214], [34.9809594127265, 127.71390402446444], [34.981002954776784, 127.71396265802576], [34.981041578294324, 127.71402621811285], [34.981074911313534, 127.71409409260731], [34.98110263281921, 127.71416562784066], [34.9811244758381, 127.7142401348895], [34.98114023000999, 127.7143168962102], [34.98114974361361, 127.71439517254933], [34.98115292502773, 127.7144742100629], [34.98114974361361, 127.71455324757648], [34.98114023000999, 127.7146315239156], [34.9811244758381, 127.71470828523631], [34.98110263281921, 127.71478279228515], [34.981074911313534, 127.7148543275185], [34.981041578294324, 127.71492220201296], [34.981002954776784, 127.71498576210004], [34.9809594127265, 127.71504439566137], [34.98091137147721, 127.71509753802367], [34.98085929369242, 127.71514467739698], [34.98080368090966, 127.71518535980334], [34.980745068710426, 127.71521919344896], [34.98068402156223, 127.7152458524973], [34.980621127382506, 127.71526508020719], [34.98055699187656, 127.71527669140526], [34.98049223270439, 127.71528057426931]]"
15,37.12995377735849,126.92469516415096,1,1.0,12300.007,"[[37.12995377735849, 126.92552385906397], [37.12988901818632, 126.92551986867146], [37.129824882680374, 126.92550793592359], [37.12976198850065, 126.92548817573925], [37.12970094135245, 126.92546077841979], [37.12964232915322, 126.92542600781641], [37.12958671637046, 126.925384198789], [37.12953463858567, 126.92533575398137], [37.12948659733638, 126.9252811399435], [37.129443055286096, 126.9252208826384], [37.129404431768556, 126.92515556237689], [37.129371098749345, 126.92508580822879], [37.12934337724367, 126.92501229196466], [37.12932153422478, 126.92493572158632], [37.12930578005289, 126.92485683450839], [37.12929626644927, 126.92477639045654], [37.12929308503515, 126.92469516415096], [37.12929626644927, 126.92461393784538], [37.12930578005289, 126.92453349379353], [37.12932153422478, 126.9244546067156], [37.12934337724367, 126.92437803633726], [37.129371098749345, 126.92430452007314], [37.129404431768556, 126.92423476592504], [37.129443055286096, 126.92416944566352], [37.12948659733638, 126.92410918835843], [37.12953463858567, 126.92405457432055], [37.12958671637046, 126.92400612951292], [37.12964232915322, 126.92396432048551], [37.12970094135245, 126.92392954988213], [37.12976198850065, 126.92390215256268], [37.129824882680374, 126.92388239237833], [37.12988901818632, 126.92387045963046], [37.12995377735849, 126.92386646923795], [37.130018536530656, 126.92387045963046], [37.1300826720366, 126.92388239237833], [37.13014556621633, 126.92390215256268], [37.13020661336452, 126.92392954988213], [37.130265225563754, 126.92396432048551], [37.13032083834651, 126.92400612951292], [37.13037291613131, 126.92405457432055], [37.13042095738059, 126.92410918835843], [37.13046449943088, 126.92416944566352], [37.13050312294842, 126.92423476592504], [37.13053645596763, 126.92430452007314], [37.1305641774733, 126.92437803633726], [37.130586020492196, 126.9244546067156], [37.130601774664086, 126.92453349379353], [37.1306112882677, 126.92461393784538], [37.130614469681824, 126.92469516415096], [37.1306112882677, 126.92477639045654], [37.130601774664086, 126.92485683450839], [37.130586020492196, 126.92493572158632], [37.1305641774733, 126.92501229196466], [37.13053645596763, 126.92508580822879], [37.13050312294842, 126.92515556237689], [37.13046449943088, 126.9252208826384], [37.13042095738059, 126.9252811399435], [37.13037291613131, 126.92533575398137], [37.13032083834651, 126.925384198789], [37.130265225563754, 126.92542600781641], [37.13020661336452, 126.92546077841979], [37.13014556621633, 126.92548817573925], [37.1300826720366, 126.92550793592359], [37.130018536530656, 126.92551986867146], [37.12995377735849, 126.92552385906397]]"
16,14.52032943,121.01397389500002,1,1.0,5699.988,"[[14.52032943, 121.01465638697653], [14.52026467082783, 121.01465310059112], [14.520200535321887, 121.01464327308457], [14.520137641142156, 121.01462699910115], [14.52007659399397, 121.01460443536821], [14.520017981794735, 121.01457579918684], [14.51996236901197, 121.01454136633912], [14.519910291227179, 121.01450146843219], [14.519862249977892, 121.01445648970471], [14.519818707927607, 121.01440686332641], [14.519780084410067, 121.01435306722644], [14.51974675139086, 121.01429561949065], [14.519719029885184, 121.01423507337215], [14.519697186866294, 121.01417201196315], [14.5196814326944, 121.0141070425795], [14.519671919090788, 121.01404079091185], [14.519668737676666, 121.01397389500002], [14.519671919090788, 121.01390699908819], [14.5196814326944, 121.01384074742055], [14.519697186866294, 121.01377577803689], [14.519719029885184, 121.0137127166279], [14.51974675139086, 121.01365217050939], [14.519780084410067, 121.0135947227736], [14.519818707927607, 121.01354092667363], [14.519862249977892, 121.01349130029533], [14.519910291227179, 121.01344632156786], [14.51996236901197, 121.01340642366092], [14.520017981794735, 121.0133719908132], [14.52007659399397, 121.01334335463183], [14.520137641142156, 121.01332079089889], [14.520200535321887, 121.01330451691547], [14.52026467082783, 121.01329468940892], [14.52032943, 121.01329140302352], [14.52039418917217, 121.01329468940892], [14.520458324678113, 121.01330451691547], [14.520521218857844, 121.01332079089889], [14.52058226600603, 121.01334335463183], [14.520640878205265, 121.0133719908132], [14.52069649098803, 121.01340642366092], [14.520748568772822, 121.01344632156786], [14.520796610022108, 121.01349130029533], [14.520840152072394, 121.01354092667363], [14.520878775589933, 121.0135947227736], [14.52091210860914, 121.01365217050939], [14.520939830114816, 121.0137127166279], [14.520961673133707, 121.01377577803689], [14.520977427305601, 121.01384074742055], [14.520986940909212, 121.01390699908819], [14.520990122323335, 121.01397389500002], [14.520986940909212, 121.01404079091185], [14.520977427305601, 121.0141070425795], [14.520961673133707, 121.01417201196315], [14.520939830114816, 121.01423507337215], [14.52091210860914, 121.01429561949065], [14.520878775589933, 121.01435306722644], [14.520840152072394, 121.01440686332641], [14.520796610022108, 121.01445648970471], [14.520748568772822, 121.01450146843219], [14.52069649098803, 121.01454136633912], [14.520640878205265, 121.01457579918684], [14.52058226600603, 121.01460443536821], [14.520521218857844, 121.01462699910115], [14.520458324678113, 121.01464327308457], [14.52039418917217, 121.01465310059112], [14.52032943, 121.01465638697653]]"
17,14.509495857894736,121.01292270526318,1,1.0,5400.012,"[[14.509495857894736, 121.01360516383095], [14.509431098722565, 121.0136018776064], [14.509366963216623, 121.01359205058093], [14.509304069036892, 121.01357577739414], [14.509243021888706, 121.01355321476572], [14.509184409689471, 121.01352457998613], [14.509128796906706, 121.01349014882393], [14.509076719121914, 121.01345025287004], [14.509028677872628, 121.01340527634432], [14.508985135822343, 121.01335565239529], [14.508946512304803, 121.0133018589287], [14.508913179285596, 121.01324441400504], [14.50888545777992, 121.01318387085034], [14.50886361476103, 121.01312081252826], [14.508847860589135, 121.01305584632493], [14.508838346985524, 121.01298959790039], [14.508835165571401, 121.01292270526318], [14.508838346985524, 121.01285581262597], [14.508847860589135, 121.01278956420143], [14.50886361476103, 121.0127245979981], [14.50888545777992, 121.01266153967602], [14.508913179285596, 121.01260099652131], [14.508946512304803, 121.01254355159766], [14.508985135822343, 121.01248975813107], [14.509028677872628, 121.01244013418204], [14.509076719121914, 121.01239515765631], [14.509128796906706, 121.01235526170242], [14.509184409689471, 121.01232083054023], [14.509243021888706, 121.01229219576064], [14.509304069036892, 121.01226963313222], [14.509366963216623, 121.01225335994543], [14.509431098722565, 121.01224353291995], [14.509495857894736, 121.01224024669541], [14.509560617066906, 121.01224353291995], [14.509624752572849, 121.01225335994543], [14.50968764675258, 121.01226963313222], [14.509748693900766, 121.01229219576064], [14.5098073061, 121.01232083054023], [14.509862918882765, 121.01235526170242], [14.509914996667558, 121.01239515765631], [14.509963037916844, 121.01244013418204], [14.51000657996713, 121.01248975813107], [14.510045203484669, 121.01254355159766], [14.510078536503876, 121.01260099652131], [14.510106258009552, 121.01266153967602], [14.510128101028442, 121.0127245979981], [14.510143855200337, 121.01278956420143], [14.510153368803948, 121.01285581262597], [14.51015655021807, 121.01292270526318], [14.510153368803948, 121.01298959790039], [14.510143855200337, 121.01305584632493], [14.510128101028442, 121.01312081252826], [14.510106258009552, 121.01318387085034], [14.510078536503876, 121.01324441400504], [14.510045203484669, 121.0133018589287], [14.51000657996713, 121.01335565239529], [14.509963037916844, 121.01340527634432], [14.509914996667558, 121.01345025287004], [14.509862918882765, 121.01349014882393], [14.5098073061, 121.01352457998613], [14.509748693900766, 121.01355321476572], [14.50968764675258, 121.01357577739414], [14.509624752572849, 121.01359205058093], [14.509560617066906, 121.0136018776064], [14.509495857894736, 121.01360516383095]]"
18,14.376520085,121.05597368000004,1,1.0,5699.559,"[[14.376520085, 121.05665573074704], [14.376455325827829, 121.05665244648627], [14.376391190321886, 121.05664262533318], [14.376328296142155, 121.05662636187085], [14.376267248993969, 121.05660381272533], [14.376208636794734, 121.05657519505718], [14.37615302401197, 121.05654078447022], [14.376100946227178, 121.0565009123572], [14.376052904977891, 121.05645596270836], [14.376009362927606, 121.05640636841339], [14.375970739410066, 121.05635260709248], [14.37593740639086, 121.05629519649652], [14.375909684885183, 121.05623468952095], [14.375887841866293, 121.056171668881], [14.375872087694399, 121.0561067414999], [14.375862574090787, 121.05604053266381], [14.375859392676665, 121.05597368000004], [14.375862574090787, 121.05590682733626], [14.375872087694399, 121.05584061850017], [14.375887841866293, 121.05577569111907], [14.375909684885183, 121.05571267047912], [14.37593740639086, 121.05565216350355], [14.375970739410066, 121.0555947529076], [14.376009362927606, 121.05554099158668], [14.376052904977891, 121.05549139729172], [14.376100946227178, 121.05544644764288], [14.37615302401197, 121.05540657552986], [14.376208636794734, 121.0553721649429], [14.376267248993969, 121.05534354727475], [14.376328296142155, 121.05532099812922], [14.376391190321886, 121.05530473466689], [14.376455325827829, 121.0552949135138], [14.376520085, 121.05529162925303], [14.37658484417217, 121.0552949135138], [14.376648979678112, 121.05530473466689], [14.376711873857843, 121.05532099812922], [14.37677292100603, 121.05534354727475], [14.376831533205264, 121.0553721649429], [14.376887145988029, 121.05540657552986], [14.37693922377282, 121.05544644764288], [14.376987265022107, 121.05549139729172], [14.377030807072392, 121.05554099158668], [14.377069430589932, 121.0555947529076], [14.37710276360914, 121.05565216350355], [14.377130485114815, 121.05571267047912], [14.377152328133706, 121.05577569111907], [14.3771680823056, 121.05584061850017], [14.377177595909211, 121.05590682733626], [14.377180777323334, 121.05597368000004], [14.377177595909211, 121.05604053266381], [14.3771680823056, 121.0561067414999], [14.377152328133706, 121.056171668881], [14.377130485114815, 121.05623468952095], [14.37710276360914, 121.05629519649652], [14.377069430589932, 121.05635260709248], [14.377030807072392, 121.05640636841339], [14.376987265022107, 121.05645596270836], [14.37693922377282, 121.0565009123572], [14.376887145988029, 121.05654078447022], [14.376831533205264, 121.05657519505718], [14.37677292100603, 121.05660381272533], [14.376711873857843, 121.05662636187085], [14.376648979678112, 121.05664262533318], [14.37658484417217, 121.05665244648627], [14.376520085, 121.05665573074704]]"
19,11.926952755555556,121.96318828888889,1,1.0,2399.987,"[[11.926952755555556, 121.9638635590281], [11.926887996383385, 121.9638603074178], [11.926823860877443, 121.96385058390172], [11.926760966697712, 121.96383448212262], [11.926699919549526, 121.96381215714942], [11.926641307350291, 121.96378382398385], [11.926585694567526, 121.96374975548974], [11.926533616782734, 121.96371027976534], [11.926485575533448, 121.96366577698346], [11.926442033483163, 121.9636166757302], [11.926403409965623, 121.96356344887748], [11.926370076946416, 121.96350660902898], [11.92634235544074, 121.96344670358353], [11.92632051242185, 121.96338430946331], [11.926304758249955, 121.9633200275578], [11.926295244646344, 121.96325447693688], [11.926292063232221, 121.96318828888889], [11.926295244646344, 121.96312210084089], [11.926304758249955, 121.96305655021997], [11.92632051242185, 121.96299226831447], [11.92634235544074, 121.96292987419424], [11.926370076946416, 121.96286996874879], [11.926403409965623, 121.9628131289003], [11.926442033483163, 121.96275990204758], [11.926485575533448, 121.96271080079431], [11.926533616782734, 121.96266629801244], [11.926585694567526, 121.96262682228803], [11.926641307350291, 121.96259275379393], [11.926699919549526, 121.96256442062835], [11.926760966697712, 121.96254209565515], [11.926823860877443, 121.96252599387606], [11.926887996383385, 121.96251627035997], [11.926952755555556, 121.96251301874968], [11.927017514727726, 121.96251627035997], [11.927081650233669, 121.96252599387606], [11.9271445444134, 121.96254209565515], [11.927205591561586, 121.96256442062835], [11.92726420376082, 121.96259275379393], [11.927319816543585, 121.96262682228803], [11.927371894328378, 121.96266629801244], [11.927419935577664, 121.96271080079431], [11.92746347762795, 121.96275990204758], [11.927502101145489, 121.9628131289003], [11.927535434164696, 121.96286996874879], [11.927563155670372, 121.96292987419424], [11.927584998689262, 121.96299226831447], [11.927600752861157, 121.96305655021997], [11.927610266464768, 121.96312210084089], [11.92761344787889, 121.96318828888889], [11.927610266464768, 121.96325447693688], [11.927600752861157, 121.9633200275578], [11.927584998689262, 121.96338430946331], [11.927563155670372, 121.96344670358353], [11.927535434164696, 121.96350660902898], [11.927502101145489, 121.96356344887748], [11.92746347762795, 121.9636166757302], [11.927419935577664, 121.96366577698346], [11.927371894328378, 121.96371027976534], [11.927319816543585, 121.96374975548974], [11.92726420376082, 121.96378382398385], [11.927205591561586, 121.96381215714942], [11.9271445444134, 121.96383448212262], [11.927081650233669, 121.96385058390172], [11.927017514727726, 121.9638603074178], [11.926952755555556, 121.9638635590281]]"
20,11.943259828571428,121.93808242857143,1,1.0,1800.012,"[[11.943259828571428, 121.93875773933567], [11.943195069399257, 121.93875448752976], [11.943130933893315, 121.9387447634287], [11.943068039713584, 121.9387286606809], [11.943006992565397, 121.9387063343646], [11.942948380366163, 121.93867799949446], [11.942892767583398, 121.93864392895075], [11.942840689798606, 121.93860445085146], [11.94279264854932, 121.93855994539224], [11.942749106499035, 121.93851084118499], [11.942710482981495, 121.93845761113008], [11.942677149962288, 121.93840076786203], [11.942649428456612, 121.93834085881261], [11.942627585437721, 121.93827846093868], [11.942611831265827, 121.9382141751659], [11.942602317662216, 121.93814862060138], [11.942599136248093, 121.93808242857143], [11.942602317662216, 121.93801623654149], [11.942611831265827, 121.93795068197697], [11.942627585437721, 121.93788639620419], [11.942649428456612, 121.93782399833026], [11.942677149962288, 121.93776408928083], [11.942710482981495, 121.93770724601279], [11.942749106499035, 121.93765401595788], [11.94279264854932, 121.93760491175063], [11.942840689798606, 121.93756040629141], [11.942892767583398, 121.93752092819211], [11.942948380366163, 121.93748685764841], [11.943006992565397, 121.93745852277827], [11.943068039713584, 121.93743619646197], [11.943130933893315, 121.93742009371417], [11.943195069399257, 121.9374103696131], [11.943259828571428, 121.9374071178072], [11.943324587743598, 121.9374103696131], [11.94338872324954, 121.93742009371417], [11.943451617429272, 121.93743619646197], [11.943512664577458, 121.93745852277827], [11.943571276776693, 121.93748685764841], [11.943626889559457, 121.93752092819211], [11.94367896734425, 121.93756040629141], [11.943727008593536, 121.93760491175063], [11.943770550643821, 121.93765401595788], [11.94380917416136, 121.93770724601279], [11.943842507180568, 121.93776408928083], [11.943870228686244, 121.93782399833026], [11.943892071705134, 121.93788639620419], [11.943907825877028, 121.93795068197697], [11.94391733948064, 121.93801623654149], [11.943920520894762, 121.93808242857143], [11.94391733948064, 121.93814862060138], [11.943907825877028, 121.9382141751659], [11.943892071705134, 121.93827846093868], [11.943870228686244, 121.93834085881261], [11.943842507180568, 121.93840076786203], [11.94380917416136, 121.93845761113008], [11.943770550643821, 121.93851084118499], [11.943727008593536, 121.93855994539224], [11.94367896734425, 121.93860445085146], [11.943626889559457, 121.93864392895075], [11.943571276776693, 121.93867799949446], [11.943512664577458, 121.9387063343646], [11.943451617429272, 121.9387286606809], [11.94338872324954, 121.9387447634287], [11.943324587743598, 121.93875448752976], [11.943259828571428, 121.93875773933567]]"
21,11.953741250000002,121.93261482,1,1.0,2699.999,"[[11.953741250000002, 121.93329015690756], [11.953676490827831, 121.93328690497576], [11.953612355321889, 121.93327718049825], [11.953549461142158, 121.93326107712706], [11.953488413993972, 121.93323874994644], [11.953429801794737, 121.93321041397938], [11.953374189011972, 121.9331763421167], [11.95332211122718, 121.93313686248908], [11.953274069977894, 121.93309235530693], [11.953230527927609, 121.9330432491987], [11.953191904410069, 121.9329900170831], [11.953158571390862, 121.93293317161448], [11.953130849885186, 121.93287326024578], [11.953109006866296, 121.93281085995625], [11.953093252694401, 121.93274657169476], [11.95308373909079, 121.93268101459243], [11.953080557676667, 121.93261482], [11.95308373909079, 121.93254862540756], [11.953093252694401, 121.93248306830523], [11.953109006866296, 121.93241878004375], [11.953130849885186, 121.93235637975421], [11.953158571390862, 121.93229646838552], [11.953191904410069, 121.9322396229169], [11.953230527927609, 121.93218639080129], [11.953274069977894, 121.93213728469307], [11.95332211122718, 121.93209277751092], [11.953374189011972, 121.9320532978833], [11.953429801794737, 121.93201922602061], [11.953488413993972, 121.93199089005356], [11.953549461142158, 121.93196856287294], [11.953612355321889, 121.93195245950174], [11.953676490827831, 121.93194273502424], [11.953741250000002, 121.93193948309244], [11.953806009172173, 121.93194273502424], [11.953870144678115, 121.93195245950174], [11.953933038857846, 121.93196856287294], [11.953994086006032, 121.93199089005356], [11.954052698205267, 121.93201922602061], [11.954108310988032, 121.9320532978833], [11.954160388772824, 121.93209277751092], [11.95420843002211, 121.93213728469307], [11.954251972072395, 121.93218639080129], [11.954290595589935, 121.9322396229169], [11.954323928609142, 121.93229646838552], [11.954351650114818, 121.93235637975421], [11.954373493133708, 121.93241878004375], [11.954389247305603, 121.93248306830523], [11.954398760909214, 121.93254862540756], [11.954401942323337, 121.93261482], [11.954398760909214, 121.93268101459243], [11.954389247305603, 121.93274657169476], [11.954373493133708, 121.93281085995625], [11.954351650114818, 121.93287326024578], [11.954323928609142, 121.93293317161448], [11.954290595589935, 121.9329900170831], [11.954251972072395, 121.9330432491987], [11.95420843002211, 121.93309235530693], [11.954160388772824, 121.93313686248908], [11.954108310988032, 121.9331763421167], [11.954052698205267, 121.93321041397938], [11.953994086006032, 121.93323874994644], [11.953933038857846, 121.93326107712706], [11.953870144678115, 121.93327718049825], [11.953806009172173, 121.93328690497576], [11.953741250000002, 121.93329015690756]]"
22,11.94812293,121.93216947,1,1.0,2700.448,"[[11.94812293, 121.93284479289099], [11.94805817082783, 121.93284154102669], [11.947994035321887, 121.932831816751], [11.947931141142156, 121.93281571371404], [11.94787009399397, 121.93279338699682], [11.947811481794735, 121.93276505161786], [11.94775586901197, 121.93273098046235], [11.947703791227179, 121.93269150165413], [11.947655749977892, 121.93264699539571], [11.947612207927607, 121.9325978903067], [11.947573584410067, 121.93254465929591], [11.94754025139086, 121.93248781500712], [11.947512529885184, 121.93242790488188], [11.947490686866294, 121.93236550588746], [11.9474749326944, 121.93230121896028], [11.947465419090788, 121.93223566321858], [11.947462237676666, 121.93216947], [11.947465419090788, 121.93210327678143], [11.9474749326944, 121.93203772103973], [11.947490686866294, 121.93197343411255], [11.947512529885184, 121.93191103511813], [11.94754025139086, 121.93185112499289], [11.947573584410067, 121.9317942807041], [11.947612207927607, 121.93174104969331], [11.947655749977892, 121.9316919446043], [11.947703791227179, 121.93164743834588], [11.94775586901197, 121.93160795953766], [11.947811481794735, 121.93157388838215], [11.94787009399397, 121.93154555300319], [11.947931141142156, 121.93152322628598], [11.947994035321887, 121.931507123249], [11.94805817082783, 121.93149739897332], [11.94812293, 121.93149414710902], [11.94818768917217, 121.93149739897332], [11.948251824678113, 121.931507123249], [11.948314718857844, 121.93152322628598], [11.94837576600603, 121.93154555300319], [11.948434378205265, 121.93157388838215], [11.94848999098803, 121.93160795953766], [11.948542068772822, 121.93164743834588], [11.948590110022108, 121.9316919446043], [11.948633652072393, 121.93174104969331], [11.948672275589933, 121.9317942807041], [11.94870560860914, 121.93185112499289], [11.948733330114816, 121.93191103511813], [11.948755173133707, 121.93197343411255], [11.9487709273056, 121.93203772103973], [11.948780440909212, 121.93210327678143], [11.948783622323335, 121.93216947], [11.948780440909212, 121.93223566321858], [11.9487709273056, 121.93230121896028], [11.948755173133707, 121.93236550588746], [11.948733330114816, 121.93242790488188], [11.94870560860914, 121.93248781500712], [11.948672275589933, 121.93254465929591], [11.948633652072393, 121.9325978903067], [11.948590110022108, 121.93264699539571], [11.948542068772822, 121.93269150165413], [11.94848999098803, 121.93273098046235], [11.948434378205265, 121.93276505161786], [11.94837576600603, 121.93279338699682], [11.948314718857844, 121.93281571371404], [11.948251824678113, 121.932831816751], [11.94818768917217, 121.93284154102669], [11.94812293, 121.93284479289099]]"
23,11.955285322222222,121.92866226666666,1,1.0,2399.968,"[[11.955285322222222, 121.92933760742761], [11.955220563050052, 121.92933435547727], [11.95515642754411, 121.92932463094427], [11.955093533364378, 121.92930852748118], [11.955032486216192, 121.92928620017318], [11.954973874016957, 121.92925786404443], [11.954918261234193, 121.92922379198734], [11.9548661834494, 121.92918431213447], [11.954818142200114, 121.92913980469834], [11.954774600149829, 121.92909069830993], [11.95473597663229, 121.92903746589059], [11.954702643613082, 121.92898062009762], [11.954674922107406, 121.92892070838708], [11.954653079088516, 121.92885830774149], [11.954637324916622, 121.92879401911318], [11.95462781131301, 121.9287284616368], [11.954624629898888, 121.92866226666666], [11.95462781131301, 121.92859607169653], [11.954637324916622, 121.92853051422014], [11.954653079088516, 121.92846622559183], [11.954674922107406, 121.92840382494624], [11.954702643613082, 121.92834391323571], [11.95473597663229, 121.92828706744274], [11.954774600149829, 121.92823383502339], [11.954818142200114, 121.92818472863499], [11.9548661834494, 121.92814022119886], [11.954918261234193, 121.92810074134599], [11.954973874016957, 121.9280666692889], [11.955032486216192, 121.92803833316015], [11.955093533364378, 121.92801600585214], [11.95515642754411, 121.92799990238906], [11.955220563050052, 121.92799017785606], [11.955285322222222, 121.92798692590571], [11.955350081394393, 121.92799017785606], [11.955414216900335, 121.92799990238906], [11.955477111080066, 121.92801600585214], [11.955538158228252, 121.92803833316015], [11.955596770427487, 121.9280666692889], [11.955652383210252, 121.92810074134599], [11.955704460995044, 121.92814022119886], [11.95575250224433, 121.92818472863499], [11.955796044294615, 121.92823383502339], [11.955834667812155, 121.92828706744274], [11.955868000831362, 121.92834391323571], [11.955895722337038, 121.92840382494624], [11.955917565355929, 121.92846622559183], [11.955933319527823, 121.92853051422014], [11.955942833131434, 121.92859607169653], [11.955946014545557, 121.92866226666666], [11.955942833131434, 121.9287284616368], [11.955933319527823, 121.92879401911318], [11.955917565355929, 121.92885830774149], [11.955895722337038, 121.92892070838708], [11.955868000831362, 121.92898062009762], [11.955834667812155, 121.92903746589059], [11.955796044294615, 121.92909069830993], [11.95575250224433, 121.92913980469834], [11.955704460995044, 121.92918431213447], [11.955652383210252, 121.92922379198734], [11.955596770427487, 121.92925786404443], [11.955538158228252, 121.92928620017318], [11.955477111080066, 121.92930852748118], [11.955414216900335, 121.92932463094427], [11.955350081394393, 121.92933435547727], [11.955285322222222, 121.92933760742761]]"
24,11.96064920689655,121.92495593103448,1,1.0,8399.998,"[[11.96064920689655, 121.9256312851857], [11.96058444772438, 121.92562803317087], [11.960520312218437, 121.92561830844505], [11.960457418038706, 121.92560220466268], [11.96039637089052, 121.92557987691198], [11.960337758691285, 121.9255515402214], [11.96028214590852, 121.92551746748876], [11.960230068123728, 121.9254779868531], [11.960182026874442, 121.9254334785345], [11.960138484824157, 121.92538437117244], [11.960099861306617, 121.92533113769764], [11.96006652828741, 121.92527429077757], [11.960038806781734, 121.92521437787913], [11.960016963762843, 121.9251519759963], [11.96000120959095, 121.9250876860933], [11.959991695987338, 121.92502212731709], [11.959988514573215, 121.92495593103448], [11.959991695987338, 121.92488973475186], [11.96000120959095, 121.92482417597564], [11.960016963762843, 121.92475988607265], [11.960038806781734, 121.92469748418982], [11.96006652828741, 121.92463757129138], [11.960099861306617, 121.92458072437131], [11.960138484824157, 121.92452749089651], [11.960182026874442, 121.92447838353445], [11.960230068123728, 121.92443387521585], [11.96028214590852, 121.92439439458019], [11.960337758691285, 121.92436032184754], [11.96039637089052, 121.92433198515697], [11.960457418038706, 121.92430965740627], [11.960520312218437, 121.9242935536239], [11.96058444772438, 121.92428382889808], [11.96064920689655, 121.92428057688325], [11.96071396606872, 121.92428382889808], [11.960778101574663, 121.9242935536239], [11.960840995754394, 121.92430965740627], [11.96090204290258, 121.92433198515697], [11.960960655101815, 121.92436032184754], [11.96101626788458, 121.92439439458019], [11.961068345669371, 121.92443387521585], [11.961116386918658, 121.92447838353445], [11.961159928968943, 121.92452749089651], [11.961198552486483, 121.92458072437131], [11.96123188550569, 121.92463757129138], [11.961259607011366, 121.92469748418982], [11.961281450030256, 121.92475988607265], [11.96129720420215, 121.92482417597564], [11.961306717805762, 121.92488973475186], [11.961309899219884, 121.92495593103448], [11.961306717805762, 121.92502212731709], [11.96129720420215, 121.9250876860933], [11.961281450030256, 121.9251519759963], [11.961259607011366, 121.92521437787913], [11.96123188550569, 121.92527429077757], [11.961198552486483, 121.92533113769764], [11.961159928968943, 121.92538437117244], [11.961116386918658, 121.9254334785345], [11.961068345669371, 121.9254779868531], [11.96101626788458, 121.92551746748876], [11.960960655101815, 121.9255515402214], [11.96090204290258, 121.92557987691198], [11.960840995754394, 121.92560220466268], [11.960778101574663, 121.92561830844505], [11.96071396606872, 121.92562803317087], [11.96064920689655, 121.9256312851857]]"
25,37.54895537777778,127.0410018,1,1.0,2400.008,"[[37.54895537777778, 127.04183513110799], [37.54889061860561, 127.04183111839093], [37.54882648309967, 127.04181911888442], [37.54876358891994, 127.04179924815026], [37.548702541771746, 127.04177169755448], [37.54864392957251, 127.04173673242438], [37.548588316789754, 127.04169468949328], [37.54853623900496, 127.0416459736576], [37.548488197755674, 127.04159105407744], [37.54844465570539, 127.0415304596584], [37.54840603218785, 127.04146477395786], [37.54837269916864, 127.041394629565], [37.548344977662964, 127.0413207020087], [37.54832313464407, 127.04124370325174], [37.54830738047218, 127.04116437483421], [37.548297866868566, 127.04108348073215], [37.548294685454444, 127.0410018], [37.548297866868566, 127.04092011926785], [37.54830738047218, 127.0408392251658], [37.54832313464407, 127.04075989674827], [37.548344977662964, 127.0406828979913], [37.54837269916864, 127.040608970435], [37.54840603218785, 127.04053882604215], [37.54844465570539, 127.0404731403416], [37.548488197755674, 127.04041254592256], [37.54853623900496, 127.04035762634241], [37.548588316789754, 127.04030891050672], [37.54864392957251, 127.04026686757562], [37.548702541771746, 127.04023190244553], [37.54876358891994, 127.04020435184975], [37.54882648309967, 127.04018448111559], [37.54889061860561, 127.04017248160908], [37.54895537777778, 127.04016846889202], [37.54902013694995, 127.04017248160908], [37.54908427245589, 127.04018448111559], [37.54914716663562, 127.04020435184975], [37.549208213783814, 127.04023190244553], [37.54926682598305, 127.04026686757562], [37.549322438765806, 127.04030891050672], [37.5493745165506, 127.04035762634241], [37.549422557799886, 127.04041254592256], [37.54946609985017, 127.0404731403416], [37.54950472336771, 127.04053882604215], [37.54953805638692, 127.040608970435], [37.549565777892596, 127.0406828979913], [37.54958762091149, 127.04075989674827], [37.54960337508338, 127.0408392251658], [37.549612888686994, 127.04092011926785], [37.549616070101116, 127.0410018], [37.549612888686994, 127.04108348073215], [37.54960337508338, 127.04116437483421], [37.54958762091149, 127.04124370325174], [37.549565777892596, 127.0413207020087], [37.54953805638692, 127.041394629565], [37.54950472336771, 127.04146477395786], [37.54946609985017, 127.0415304596584], [37.549422557799886, 127.04159105407744], [37.5493745165506, 127.0416459736576], [37.549322438765806, 127.04169468949328], [37.54926682598305, 127.04173673242438], [37.549208213783814, 127.04177169755448], [37.54914716663562, 127.04179924815026], [37.54908427245589, 127.04181911888442], [37.54902013694995, 127.04183111839093], [37.54895537777778, 127.04183513110799]]"
26,34.99355182363637,127.66644383272724,1,1.0,16200.003,"[[34.99355182363637, 127.66725032557785], [34.993487064464205, 127.66724644209434], [34.99342292895826, 127.66723482904388], [34.99336003477853, 127.66721559826647], [34.99329898763034, 127.66718893496504], [34.99324037543111, 127.66715509592174], [34.99318476264835, 127.66711440702507], [34.99313268486355, 127.66706726013133], [34.99308464361427, 127.66701410929089], [34.99304110156398, 127.6669554663754], [34.99300247804644, 127.66689189614819], [34.99296914502723, 127.6668240108253], [34.99294142352156, 127.6667524641795], [34.992919580502665, 127.66667794524409], [34.992903826330775, 127.66660117167717], [34.99289431272716, 127.66652288285016], [34.99289113131304, 127.66644383272724], [34.99289431272716, 127.66636478260432], [34.992903826330775, 127.6662864937773], [34.992919580502665, 127.66620972021039], [34.99294142352156, 127.66613520127498], [34.99296914502723, 127.66606365462918], [34.99300247804644, 127.66599576930629], [34.99304110156398, 127.66593219907908], [34.99308464361427, 127.66587355616359], [34.99313268486355, 127.66582040532315], [34.99318476264835, 127.66577325842941], [34.99324037543111, 127.66573256953274], [34.99329898763034, 127.66569873048944], [34.99336003477853, 127.66567206718801], [34.99342292895826, 127.6656528364106], [34.993487064464205, 127.66564122336014], [34.99355182363637, 127.66563733987662], [34.99361658280854, 127.66564122336014], [34.99368071831449, 127.6656528364106], [34.993743612494214, 127.66567206718801], [34.99380465964241, 127.66569873048944], [34.99386327184164, 127.66573256953274], [34.9939188846244, 127.66577325842941], [34.99397096240919, 127.66582040532315], [34.99401900365848, 127.66587355616359], [34.994062545708765, 127.66593219907908], [34.994101169226305, 127.66599576930629], [34.994134502245515, 127.66606365462918], [34.99416222375119, 127.66613520127498], [34.99418406677008, 127.66620972021039], [34.99419982094197, 127.6662864937773], [34.99420933454559, 127.66636478260432], [34.99421251595971, 127.66644383272724], [34.99420933454559, 127.66652288285016], [34.99419982094197, 127.66660117167717], [34.99418406677008, 127.66667794524409], [34.99416222375119, 127.6667524641795], [34.994134502245515, 127.6668240108253], [34.994101169226305, 127.66689189614819], [34.994062545708765, 127.6669554663754], [34.99401900365848, 127.66701410929089], [34.99397096240919, 127.66706726013133], [34.9939188846244, 127.66711440702507], [34.99386327184164, 127.66715509592174], [34.99380465964241, 127.66718893496504], [34.993743612494214, 127.66721559826647], [34.99368071831449, 127.66723482904388], [34.99361658280854, 127.66724644209434], [34.99355182363637, 127.66725032557785]]"
27,37.4737680625,127.061148425,1,1.0,2100.008,"[[37.4737680625, 127.06198091707373], [37.47370330332783, 127.06197690839686], [37.47363916782189, 127.06196492097196], [37.47357627364216, 127.06194507024453], [37.473515226493966, 127.06191754738789], [37.47345661429473, 127.06188261746222], [37.473401001511974, 127.06184061686179], [37.47334892372718, 127.06179195007533], [37.47330088247789, 127.06173708579063], [37.47325734042761, 127.06167655238069], [37.47321871691007, 127.06161093281538], [37.47318538389086, 127.06154085904699], [37.473157662385184, 127.06146700592419], [37.47313581936629, 127.06139008469295], [37.4731200651944, 127.06131083614675], [37.473110551590786, 127.06123002349241], [37.47310737017666, 127.061148425], [37.473110551590786, 127.06106682650758], [37.4731200651944, 127.06098601385325], [37.47313581936629, 127.06090676530705], [37.473157662385184, 127.06082984407581], [37.47318538389086, 127.06075599095301], [37.47321871691007, 127.06068591718461], [37.47325734042761, 127.06062029761931], [37.47330088247789, 127.06055976420937], [37.47334892372718, 127.06050489992467], [37.473401001511974, 127.06045623313821], [37.47345661429473, 127.06041423253778], [37.473515226493966, 127.0603793026121], [37.47357627364216, 127.06035177975546], [37.47363916782189, 127.06033192902804], [37.47370330332783, 127.06031994160314], [37.4737680625, 127.06031593292627], [37.47383282167217, 127.06031994160314], [37.47389695717811, 127.06033192902804], [37.47395985135784, 127.06035177975546], [37.47402089850603, 127.0603793026121], [37.474079510705266, 127.06041423253778], [37.474135123488026, 127.06045623313821], [37.47418720127282, 127.06050489992467], [37.474235242522106, 127.06055976420937], [37.47427878457239, 127.06062029761931], [37.47431740808993, 127.06068591718461], [37.47435074110914, 127.06075599095301], [37.474378462614816, 127.06082984407581], [37.47440030563371, 127.06090676530705], [37.4744160598056, 127.06098601385325], [37.47442557340921, 127.06106682650758], [37.474428754823336, 127.061148425], [37.47442557340921, 127.06123002349241], [37.4744160598056, 127.06131083614675], [37.47440030563371, 127.06139008469295], [37.474378462614816, 127.06146700592419], [37.47435074110914, 127.06154085904699], [37.47431740808993, 127.06161093281538], [37.47427878457239, 127.06167655238069], [37.474235242522106, 127.06173708579063], [37.47418720127282, 127.06179195007533], [37.474135123488026, 127.06184061686179], [37.474079510705266, 127.06188261746222], [37.47402089850603, 127.06191754738789], [37.47395985135784, 127.06194507024453], [37.47389695717811, 127.06196492097196], [37.47383282167217, 127.06197690839686], [37.4737680625, 127.06198091707373]]"
28,36.80679359166667,127.15370745416664,1,1.0,6900.001,"[[36.80679359166667, 127.15453263844434], [36.8067288324945, 127.1545286649565], [36.806664696988555, 127.15451678275983], [36.80660180280883, 127.15449710628639], [36.806540755660635, 127.15446982503136], [36.8064821434614, 127.15443520172815], [36.80642653067864, 127.1543935698181], [36.80637445289385, 127.15434533023925], [36.80632641164456, 127.15429094756513], [36.80628286959428, 127.15423094553061], [36.80624424607674, 127.15416590198808], [36.80621091305753, 127.15409644334243], [36.80618319155185, 127.15402323851836], [36.80616134853296, 127.15394699251837], [36.80614559436107, 127.1538684396331], [36.806136080757454, 127.15378833636979], [36.80613289934333, 127.15370745416664], [36.806136080757454, 127.15362657196349], [36.80614559436107, 127.15354646870017], [36.80616134853296, 127.1534679158149], [36.80618319155185, 127.15339166981491], [36.80621091305753, 127.15331846499085], [36.80624424607674, 127.15324900634519], [36.80628286959428, 127.15318396280266], [36.80632641164456, 127.15312396076814], [36.80637445289385, 127.15306957809402], [36.80642653067864, 127.15302133851517], [36.8064821434614, 127.15297970660512], [36.806540755660635, 127.15294508330192], [36.80660180280883, 127.15291780204689], [36.806664696988555, 127.15289812557344], [36.8067288324945, 127.15288624337677], [36.80679359166667, 127.15288226988893], [36.80685835083884, 127.15288624337677], [36.80692248634478, 127.15289812557344], [36.80698538052451, 127.15291780204689], [36.8070464276727, 127.15294508330192], [36.807105039871935, 127.15297970660512], [36.807160652654694, 127.15302133851517], [36.80721273043949, 127.15306957809402], [36.807260771688775, 127.15312396076814], [36.80730431373906, 127.15318396280266], [36.8073429372566, 127.15324900634519], [36.80737627027581, 127.15331846499085], [36.807403991781484, 127.15339166981491], [36.80742583480038, 127.1534679158149], [36.80744158897227, 127.15354646870017], [36.80745110257588, 127.15362657196349], [36.807454283990005, 127.15370745416664], [36.80745110257588, 127.15378833636979], [36.80744158897227, 127.1538684396331], [36.80742583480038, 127.15394699251837], [36.807403991781484, 127.15402323851836], [36.80737627027581, 127.15409644334243], [36.8073429372566, 127.15416590198808], [36.80730431373906, 127.15423094553061], [36.807260771688775, 127.15429094756513], [36.80721273043949, 127.15434533023925], [36.807160652654694, 127.1543935698181], [36.807105039871935, 127.15443520172815], [36.8070464276727, 127.15446982503136], [36.80698538052451, 127.15449710628639], [36.80692248634478, 127.15451678275983], [36.80685835083884, 127.1545286649565], [36.80679359166667, 127.15453263844434]]"
29,36.78443090625,127.22446303125,1,1.0,9299.994,"[[36.78443090625, 127.22528797466107], [36.78436614707783, 127.22528400233307], [36.78430201157189, 127.22527212360475], [36.78423911739216, 127.22525245287476], [36.78417807024397, 127.22522517958298], [36.784119458044735, 127.22519056638612], [36.784063845261976, 127.22514894662818], [36.78401176747718, 127.22510072113019], [36.783963726227896, 127.22504635433006], [36.78392018417761, 127.2249863698098], [36.78388156066007, 127.22492134525312], [36.78384822764086, 127.22485190688205], [36.783820506135186, 127.22477872342606], [36.78379866311629, 127.22470249968184], [36.7837829089444, 127.22462396972571], [36.78377339534079, 127.22454388984409], [36.783770213926665, 127.22446303125], [36.78377339534079, 127.22438217265591], [36.7837829089444, 127.22430209277428], [36.78379866311629, 127.22422356281815], [36.783820506135186, 127.22414733907394], [36.78384822764086, 127.22407415561794], [36.78388156066007, 127.22400471724687], [36.78392018417761, 127.2239396926902], [36.783963726227896, 127.22387970816993], [36.78401176747718, 127.2238253413698], [36.784063845261976, 127.22377711587181], [36.784119458044735, 127.22373549611387], [36.78417807024397, 127.22370088291702], [36.78423911739216, 127.22367360962524], [36.78430201157189, 127.22365393889524], [36.78436614707783, 127.22364206016692], [36.78443090625, 127.22363808783892], [36.78449566542217, 127.22364206016692], [36.784559800928115, 127.22365393889524], [36.78462269510784, 127.22367360962524], [36.784683742256036, 127.22370088291702], [36.78474235445527, 127.22373549611387], [36.78479796723803, 127.22377711587181], [36.78485004502282, 127.2238253413698], [36.78489808627211, 127.22387970816993], [36.78494162832239, 127.2239396926902], [36.78498025183993, 127.22400471724687], [36.78501358485914, 127.22407415561794], [36.78504130636482, 127.22414733907394], [36.78506314938371, 127.22422356281815], [36.7850789035556, 127.22430209277428], [36.785088417159216, 127.22438217265591], [36.78509159857334, 127.22446303125], [36.785088417159216, 127.22454388984409], [36.7850789035556, 127.22462396972571], [36.78506314938371, 127.22470249968184], [36.78504130636482, 127.22477872342606], [36.78501358485914, 127.22485190688205], [36.78498025183993, 127.22492134525312], [36.78494162832239, 127.2249863698098], [36.78489808627211, 127.22504635433006], [36.78485004502282, 127.22510072113019], [36.78479796723803, 127.22514894662818], [36.78474235445527, 127.22519056638612], [36.784683742256036, 127.22522517958298], [36.78462269510784, 127.22525245287476], [36.784559800928115, 127.22527212360475], [36.78449566542217, 127.22528400233307], [36.78443090625, 127.22528797466107]]"
30,36.784571858139536,127.27998658837213,1,1.0,12599.997,"[[36.784571858139536, 127.28081153330055], [36.78450709896737, 127.28080756096524], [36.78444296346142, 127.28079568221507], [36.784380069281696, 127.28077601144889], [36.7843190221335, 127.28074873810695], [36.78426040993427, 127.28071412484643], [36.78420479715151, 127.28067250501194], [36.784152719366716, 127.28062427942525], [36.78410467811743, 127.28056991252512], [36.784061136067145, 127.28050992789453], [36.784022512549605, 127.28044490321824], [36.783989179530394, 127.28037546471944], [36.78396145802472, 127.28030228112885], [36.78393961500583, 127.28022605724442], [36.78392386083394, 127.28014752714385], [36.78391434723032, 127.28006744711494], [36.7839111658162, 127.27998658837213], [36.78391434723032, 127.2799057296293], [36.78392386083394, 127.2798256496004], [36.78393961500583, 127.27974711949983], [36.78396145802472, 127.2796708956154], [36.783989179530394, 127.27959771202481], [36.784022512549605, 127.27952827352601], [36.784061136067145, 127.27946324884972], [36.78410467811743, 127.27940326421913], [36.784152719366716, 127.279348897319], [36.78420479715151, 127.27930067173232], [36.78426040993427, 127.27925905189782], [36.7843190221335, 127.2792244386373], [36.784380069281696, 127.27919716529536], [36.78444296346142, 127.27917749452918], [36.78450709896737, 127.27916561577901], [36.784571858139536, 127.2791616434437], [36.784636617311705, 127.27916561577901], [36.78470075281765, 127.27917749452918], [36.784763646997376, 127.27919716529536], [36.78482469414557, 127.2792244386373], [36.7848833063448, 127.27925905189782], [36.78493891912756, 127.27930067173232], [36.784990996912356, 127.279348897319], [36.78503903816164, 127.27940326421913], [36.78508258021193, 127.27946324884972], [36.78512120372947, 127.27952827352601], [36.78515453674868, 127.27959771202481], [36.78518225825435, 127.2796708956154], [36.785204101273244, 127.27974711949983], [36.785219855445135, 127.2798256496004], [36.78522936904875, 127.2799057296293], [36.78523255046287, 127.27998658837213], [36.78522936904875, 127.28006744711494], [36.785219855445135, 127.28014752714385], [36.785204101273244, 127.28022605724442], [36.78518225825435, 127.28030228112885], [36.78515453674868, 127.28037546471944], [36.78512120372947, 127.28044490321824], [36.78508258021193, 127.28050992789453], [36.78503903816164, 127.28056991252512], [36.784990996912356, 127.28062427942525], [36.78493891912756, 127.28067250501194], [36.7848833063448, 127.28071412484643], [36.78482469414557, 127.28074873810695], [36.784763646997376, 127.28077601144889], [36.78470075281765, 127.28079568221507], [36.784636617311705, 127.28080756096524], [36.784571858139536, 127.28081153330055]]"
31,34.98316293138687,127.71380985036498,1,1.0,40799.657,"[[34.98316293138687, 127.7146162408725], [34.9830981722147, 127.7146123578818], [34.98303403670876, 127.71460074630502], [34.98297114252903, 127.71458151796799], [34.98291009538084, 127.71455485805009], [34.982851483181605, 127.71452102330093], [34.982795870398846, 127.71448033956764], [34.98274379261405, 127.71443319865679], [34.982695751364766, 127.71438005456113], [34.98265220931448, 127.71432141908737], [34.98261358579694, 127.71425785692715], [34.98258025277773, 127.71418998021883], [34.982552531272056, 127.71411844265222], [34.98253068825316, 127.7140439331732], [34.98251493408127, 127.71396716934876], [34.98250542047766, 127.71388889045652], [34.982502239063535, 127.71380985036498], [34.98250542047766, 127.71373081027345], [34.98251493408127, 127.7136525313812], [34.98253068825316, 127.71357576755676], [34.982552531272056, 127.71350125807774], [34.98258025277773, 127.71342972051113], [34.98261358579694, 127.71336184380282], [34.98265220931448, 127.7132982816426], [34.982695751364766, 127.71323964616883], [34.98274379261405, 127.71318650207317], [34.982795870398846, 127.71313936116232], [34.982851483181605, 127.71309867742903], [34.98291009538084, 127.71306484267987], [34.98297114252903, 127.71303818276198], [34.98303403670876, 127.71301895442494], [34.9830981722147, 127.71300734284816], [34.98316293138687, 127.71300345985746], [34.98322769055904, 127.71300734284816], [34.983291826064985, 127.71301895442494], [34.98335472024471, 127.71303818276198], [34.983415767392906, 127.71306484267987], [34.98347437959214, 127.71309867742903], [34.9835299923749, 127.71313936116232], [34.98358207015969, 127.71318650207317], [34.98363011140898, 127.71323964616883], [34.98367365345926, 127.7132982816426], [34.9837122769768, 127.71336184380282], [34.983745609996014, 127.71342972051113], [34.98377333150169, 127.71350125807774], [34.98379517452058, 127.71357576755676], [34.98381092869247, 127.7136525313812], [34.983820442296086, 127.71373081027345], [34.98382362371021, 127.71380985036498], [34.983820442296086, 127.71388889045652], [34.98381092869247, 127.71396716934876], [34.98379517452058, 127.7140439331732], [34.98377333150169, 127.71411844265222], [34.983745609996014, 127.71418998021883], [34.9837122769768, 127.71425785692715], [34.98367365345926, 127.71432141908737], [34.98363011140898, 127.71438005456113], [34.98358207015969, 127.71443319865679], [34.9835299923749, 127.71448033956764], [34.98347437959214, 127.71452102330093], [34.983415767392906, 127.71455485805009], [34.98335472024471, 127.71458151796799], [34.983291826064985, 127.71460074630502], [34.98322769055904, 127.7146123578818], [34.98316293138687, 127.7146162408725]]"
